/Users/bb/Code/udacity/udacity-behavior-cloning/more-curves4/IMG/center_2018_07_31_09_56_32_822.jpg, /Users/bb/Code/udacity/udacity-behavior-cloning/more-curves4/IMG/left_2018_07_31_09_56_32_822.jpg, /Users/bb/Code/udacity/udacity-behavior-cloning/more-curves4/IMG/right_2018_07_31_09_56_32_822.jpg, 0, 0, 0, 1.133429
/Users/bb/Code/udacity/udacity-behavior-cloning/more-curves4/IMG/center_2018_07_31_09_56_32_926.jpg, /Users/bb/Code/udacity/udacity-behavior-cloning/more-curves4/IMG/left_2018_07_31_09_56_32_926.jpg, /Users/bb/Code/udacity/udacity-behavior-cloning/more-curves4/IMG/right_2018_07_31_09_56_32_926.jpg, 0, 0, 0, 1.122056
/Users/bb/Code/udacity/udacity-behavior-cloning/more-curves4/IMG/center_2018_07_31_09_56_33_033.jpg, /Users/bb/Code/udacity/udacity-behavior-cloning/more-curves4/IMG/left_2018_07_31_09_56_33_033.jpg, /Users/bb/Code/udacity/udacity-behavior-cloning/more-curves4/IMG/right_2018_07_31_09_56_33_033.jpg, 0, 0, 0, 1.108559
/Users/bb/Code/udacity/udacity-behavior-cloning/more-curves4/IMG/center_2018_07_31_09_56_33_138.jpg, /Users/bb/Code/udacity/udacity-behavior-cloning/more-curves4/IMG/left_2018_07_31_09_56_33_138.jpg, /Users/bb/Code/udacity/udacity-behavior-cloning/more-curves4/IMG/right_2018_07_31_09_56_33_138.jpg, 0, 0, 0, 1.097435
/Users/bb/Code/udacity/udacity-behavior-cloning/more-curves4/IMG/center_2018_07_31_09_56_33_242.jpg, /Users/bb/Code/udacity/udacity-behavior-cloning/more-curves4/IMG/left_2018_07_31_09_56_33_242.jpg, /Users/bb/Code/udacity/udacity-behavior-cloning/more-curves4/IMG/right_2018_07_31_09_56_33_242.jpg, 0, 0, 0, 1.086424
/Users/bb/Code/udacity/udacity-behavior-cloning/more-curves4/IMG/center_2018_07_31_09_56_33_346.jpg, /Users/bb/Code/udacity/udacity-behavior-cloning/more-curves4/IMG/left_2018_07_31_09_56_33_346.jpg, /Users/bb/Code/udacity/udacity-behavior-cloning/more-curves4/IMG/right_2018_07_31_09_56_33_346.jpg, 0, 0, 0, 1.075523
/Users/bb/Code/udacity/udacity-behavior-cloning/more-curves4/IMG/center_2018_07_31_09_56_33_457.jpg, /Users/bb/Code/udacity/udacity-behavior-cloning/more-curves4/IMG/left_2018_07_31_09_56_33_457.jpg, /Users/bb/Code/udacity/udacity-behavior-cloning/more-curves4/IMG/right_2018_07_31_09_56_33_457.jpg, 0, 0, 0, 1.062585
/Users/bb/Code/udacity/udacity-behavior-cloning/more-curves4/IMG/center_2018_07_31_09_56_33_559.jpg, /Users/bb/Code/udacity/udacity-behavior-cloning/more-curves4/IMG/left_2018_07_31_09_56_33_559.jpg, /Users/bb/Code/udacity/udacity-behavior-cloning/more-curves4/IMG/right_2018_07_31_09_56_33_559.jpg, 0, 0, 0, 1.051923
/Users/bb/Code/udacity/udacity-behavior-cloning/more-curves4/IMG/center_2018_07_31_09_56_33_661.jpg, /Users/bb/Code/udacity/udacity-behavior-cloning/more-curves4/IMG/left_2018_07_31_09_56_33_661.jpg, /Users/bb/Code/udacity/udacity-behavior-cloning/more-curves4/IMG/right_2018_07_31_09_56_33_661.jpg, 0, 0, 0, 1.041367
/Users/bb/Code/udacity/udacity-behavior-cloning/more-curves4/IMG/center_2018_07_31_09_56_34_308.jpg, /Users/bb/Code/udacity/udacity-behavior-cloning/more-curves4/IMG/left_2018_07_31_09_56_34_308.jpg, /Users/bb/Code/udacity/udacity-behavior-cloning/more-curves4/IMG/right_2018_07_31_09_56_34_308.jpg, 0, 0, 0, 0.9743073
/Users/bb/Code/udacity/udacity-behavior-cloning/more-curves4/IMG/center_2018_07_31_09_56_34_423.jpg, /Users/bb/Code/udacity/udacity-behavior-cloning/more-curves4/IMG/left_2018_07_31_09_56_34_423.jpg, /Users/bb/Code/udacity/udacity-behavior-cloning/more-curves4/IMG/right_2018_07_31_09_56_34_423.jpg, 0, 0, 0, 0.96453
/Users/bb/Code/udacity/udacity-behavior-cloning/more-curves4/IMG/center_2018_07_31_09_56_34_526.jpg, /Users/bb/Code/udacity/udacity-behavior-cloning/more-curves4/IMG/left_2018_07_31_09_56_34_526.jpg, /Users/bb/Code/udacity/udacity-behavior-cloning/more-curves4/IMG/right_2018_07_31_09_56_34_526.jpg, 0, 0, 0, 0.9548509
/Users/bb/Code/udacity/udacity-behavior-cloning/more-curves4/IMG/center_2018_07_31_09_56_34_630.jpg, /Users/bb/Code/udacity/udacity-behavior-cloning/more-curves4/IMG/left_2018_07_31_09_56_34_630.jpg, /Users/bb/Code/udacity/udacity-behavior-cloning/more-curves4/IMG/right_2018_07_31_09_56_34_630.jpg, 0, 0, 0, 0.9433638
/Users/bb/Code/udacity/udacity-behavior-cloning/more-curves4/IMG/center_2018_07_31_09_57_32_821.jpg, /Users/bb/Code/udacity/udacity-behavior-cloning/more-curves4/IMG/left_2018_07_31_09_57_32_821.jpg, /Users/bb/Code/udacity/udacity-behavior-cloning/more-curves4/IMG/right_2018_07_31_09_57_32_821.jpg, 0, 0, 0, 4.957431
/Users/bb/Code/udacity/udacity-behavior-cloning/more-curves4/IMG/center_2018_07_31_09_57_32_926.jpg, /Users/bb/Code/udacity/udacity-behavior-cloning/more-curves4/IMG/left_2018_07_31_09_57_32_926.jpg, /Users/bb/Code/udacity/udacity-behavior-cloning/more-curves4/IMG/right_2018_07_31_09_57_32_926.jpg, 0, 0, 0, 4.909273
/Users/bb/Code/udacity/udacity-behavior-cloning/more-curves4/IMG/center_2018_07_31_09_57_33_031.jpg, /Users/bb/Code/udacity/udacity-behavior-cloning/more-curves4/IMG/left_2018_07_31_09_57_33_031.jpg, /Users/bb/Code/udacity/udacity-behavior-cloning/more-curves4/IMG/right_2018_07_31_09_57_33_031.jpg, 0, 0, 0, 4.852149
/Users/bb/Code/udacity/udacity-behavior-cloning/more-curves4/IMG/center_2018_07_31_09_57_33_140.jpg, /Users/bb/Code/udacity/udacity-behavior-cloning/more-curves4/IMG/left_2018_07_31_09_57_33_140.jpg, /Users/bb/Code/udacity/udacity-behavior-cloning/more-curves4/IMG/right_2018_07_31_09_57_33_140.jpg, 0, 0, 0, 4.805079
/Users/bb/Code/udacity/udacity-behavior-cloning/more-curves4/IMG/center_2018_07_31_09_57_33_243.jpg, /Users/bb/Code/udacity/udacity-behavior-cloning/more-curves4/IMG/left_2018_07_31_09_57_33_243.jpg, /Users/bb/Code/udacity/udacity-behavior-cloning/more-curves4/IMG/right_2018_07_31_09_57_33_243.jpg, 0, 0.054039, 0, 4.769145
/Users/bb/Code/udacity/udacity-behavior-cloning/more-curves4/IMG/center_2018_07_31_09_57_33_346.jpg, /Users/bb/Code/udacity/udacity-behavior-cloning/more-curves4/IMG/left_2018_07_31_09_57_33_346.jpg, /Users/bb/Code/udacity/udacity-behavior-cloning/more-curves4/IMG/right_2018_07_31_09_57_33_346.jpg, 0, 0.361452, 0, 4.990775
/Users/bb/Code/udacity/udacity-behavior-cloning/more-curves4/IMG/center_2018_07_31_09_57_33_454.jpg, /Users/bb/Code/udacity/udacity-behavior-cloning/more-curves4/IMG/left_2018_07_31_09_57_33_454.jpg, /Users/bb/Code/udacity/udacity-behavior-cloning/more-curves4/IMG/right_2018_07_31_09_57_33_454.jpg, 0, 0.06537008, 0, 5.246189
/Users/bb/Code/udacity/udacity-behavior-cloning/more-curves4/IMG/center_2018_07_31_09_57_33_555.jpg, /Users/bb/Code/udacity/udacity-behavior-cloning/more-curves4/IMG/left_2018_07_31_09_57_33_555.jpg, /Users/bb/Code/udacity/udacity-behavior-cloning/more-curves4/IMG/right_2018_07_31_09_57_33_555.jpg, 0, 0.02813065, 0, 5.208118
/Users/bb/Code/udacity/udacity-behavior-cloning/more-curves4/IMG/center_2018_07_31_09_57_33_660.jpg, /Users/bb/Code/udacity/udacity-behavior-cloning/more-curves4/IMG/left_2018_07_31_09_57_33_660.jpg, /Users/bb/Code/udacity/udacity-behavior-cloning/more-curves4/IMG/right_2018_07_31_09_57_33_660.jpg, 0, 0.3178979, 0, 5.390919
/Users/bb/Code/udacity/udacity-behavior-cloning/more-curves4/IMG/center_2018_07_31_09_57_33_768.jpg, /Users/bb/Code/udacity/udacity-behavior-cloning/more-curves4/IMG/left_2018_07_31_09_57_33_768.jpg, /Users/bb/Code/udacity/udacity-behavior-cloning/more-curves4/IMG/right_2018_07_31_09_57_33_768.jpg, 0, 0.6681057, 0, 6.068529
/Users/bb/Code/udacity/udacity-behavior-cloning/more-curves4/IMG/center_2018_07_31_09_57_33_868.jpg, /Users/bb/Code/udacity/udacity-behavior-cloning/more-curves4/IMG/left_2018_07_31_09_57_33_868.jpg, /Users/bb/Code/udacity/udacity-behavior-cloning/more-curves4/IMG/right_2018_07_31_09_57_33_868.jpg, 0, 0.8001355, 0, 6.978029
/Users/bb/Code/udacity/udacity-behavior-cloning/more-curves4/IMG/center_2018_07_31_09_57_33_976.jpg, /Users/bb/Code/udacity/udacity-behavior-cloning/more-curves4/IMG/left_2018_07_31_09_57_33_976.jpg, /Users/bb/Code/udacity/udacity-behavior-cloning/more-curves4/IMG/right_2018_07_31_09_57_33_976.jpg, 0, 0.5010957, 0, 7.672057
/Users/bb/Code/udacity/udacity-behavior-cloning/more-curves4/IMG/center_2018_07_31_09_57_34_077.jpg, /Users/bb/Code/udacity/udacity-behavior-cloning/more-curves4/IMG/left_2018_07_31_09_57_34_077.jpg, /Users/bb/Code/udacity/udacity-behavior-cloning/more-curves4/IMG/right_2018_07_31_09_57_34_077.jpg, 0, 0.2009007, 0, 7.990036
/Users/bb/Code/udacity/udacity-behavior-cloning/more-curves4/IMG/center_2018_07_31_09_57_34_184.jpg, /Users/bb/Code/udacity/udacity-behavior-cloning/more-curves4/IMG/left_2018_07_31_09_57_34_184.jpg, /Users/bb/Code/udacity/udacity-behavior-cloning/more-curves4/IMG/right_2018_07_31_09_57_34_184.jpg, 0, 0, 0, 7.974706
/Users/bb/Code/udacity/udacity-behavior-cloning/more-curves4/IMG/center_2018_07_31_09_57_34_289.jpg, /Users/bb/Code/udacity/udacity-behavior-cloning/more-curves4/IMG/left_2018_07_31_09_57_34_289.jpg, /Users/bb/Code/udacity/udacity-behavior-cloning/more-curves4/IMG/right_2018_07_31_09_57_34_289.jpg, 0, 0, 0, 7.878764
/Users/bb/Code/udacity/udacity-behavior-cloning/more-curves4/IMG/center_2018_07_31_09_57_34_394.jpg, /Users/bb/Code/udacity/udacity-behavior-cloning/more-curves4/IMG/left_2018_07_31_09_57_34_394.jpg, /Users/bb/Code/udacity/udacity-behavior-cloning/more-curves4/IMG/right_2018_07_31_09_57_34_394.jpg, 0, 0, 0, 7.797325
/Users/bb/Code/udacity/udacity-behavior-cloning/more-curves4/IMG/center_2018_07_31_09_57_34_494.jpg, /Users/bb/Code/udacity/udacity-behavior-cloning/more-curves4/IMG/left_2018_07_31_09_57_34_494.jpg, /Users/bb/Code/udacity/udacity-behavior-cloning/more-curves4/IMG/right_2018_07_31_09_57_34_494.jpg, 0, 0, 0, 7.718986
/Users/bb/Code/udacity/udacity-behavior-cloning/more-curves4/IMG/center_2018_07_31_09_57_34_611.jpg, /Users/bb/Code/udacity/udacity-behavior-cloning/more-curves4/IMG/left_2018_07_31_09_57_34_611.jpg, /Users/bb/Code/udacity/udacity-behavior-cloning/more-curves4/IMG/right_2018_07_31_09_57_34_611.jpg, 0, 0, 0, 7.626108
/Users/bb/Code/udacity/udacity-behavior-cloning/more-curves4/IMG/center_2018_07_31_09_57_34_729.jpg, /Users/bb/Code/udacity/udacity-behavior-cloning/more-curves4/IMG/left_2018_07_31_09_57_34_729.jpg, /Users/bb/Code/udacity/udacity-behavior-cloning/more-curves4/IMG/right_2018_07_31_09_57_34_729.jpg, 0, 0, 0, 7.534354
/Users/bb/Code/udacity/udacity-behavior-cloning/more-curves4/IMG/center_2018_07_31_09_57_34_837.jpg, /Users/bb/Code/udacity/udacity-behavior-cloning/more-curves4/IMG/left_2018_07_31_09_57_34_837.jpg, /Users/bb/Code/udacity/udacity-behavior-cloning/more-curves4/IMG/right_2018_07_31_09_57_34_837.jpg, 0, 0.1385311, 0, 7.499656
/Users/bb/Code/udacity/udacity-behavior-cloning/more-curves4/IMG/center_2018_07_31_09_57_34_938.jpg, /Users/bb/Code/udacity/udacity-behavior-cloning/more-curves4/IMG/left_2018_07_31_09_57_34_938.jpg, /Users/bb/Code/udacity/udacity-behavior-cloning/more-curves4/IMG/right_2018_07_31_09_57_34_938.jpg, 0, 0.4150529, 0, 7.7756
/Users/bb/Code/udacity/udacity-behavior-cloning/more-curves4/IMG/center_2018_07_31_09_57_35_043.jpg, /Users/bb/Code/udacity/udacity-behavior-cloning/more-curves4/IMG/left_2018_07_31_09_57_35_043.jpg, /Users/bb/Code/udacity/udacity-behavior-cloning/more-curves4/IMG/right_2018_07_31_09_57_35_043.jpg, 0, 0.3663239, 0, 8.25221
/Users/bb/Code/udacity/udacity-behavior-cloning/more-curves4/IMG/center_2018_07_31_09_57_35_150.jpg, /Users/bb/Code/udacity/udacity-behavior-cloning/more-curves4/IMG/left_2018_07_31_09_57_35_150.jpg, /Users/bb/Code/udacity/udacity-behavior-cloning/more-curves4/IMG/right_2018_07_31_09_57_35_150.jpg, 0, 0.01279771, 0, 8.38938
/Users/bb/Code/udacity/udacity-behavior-cloning/more-curves4/IMG/center_2018_07_31_09_57_35_250.jpg, /Users/bb/Code/udacity/udacity-behavior-cloning/more-curves4/IMG/left_2018_07_31_09_57_35_250.jpg, /Users/bb/Code/udacity/udacity-behavior-cloning/more-curves4/IMG/right_2018_07_31_09_57_35_250.jpg, 0, 0, 0, 8.30613
/Users/bb/Code/udacity/udacity-behavior-cloning/more-curves4/IMG/center_2018_07_31_09_57_35_355.jpg, /Users/bb/Code/udacity/udacity-behavior-cloning/more-curves4/IMG/left_2018_07_31_09_57_35_355.jpg, /Users/bb/Code/udacity/udacity-behavior-cloning/more-curves4/IMG/right_2018_07_31_09_57_35_355.jpg, 0, 0, 0, 8.222769
/Users/bb/Code/udacity/udacity-behavior-cloning/more-curves4/IMG/center_2018_07_31_09_57_35_460.jpg, /Users/bb/Code/udacity/udacity-behavior-cloning/more-curves4/IMG/left_2018_07_31_09_57_35_460.jpg, /Users/bb/Code/udacity/udacity-behavior-cloning/more-curves4/IMG/right_2018_07_31_09_57_35_460.jpg, 0, 0, 0, 8.14024
/Users/bb/Code/udacity/udacity-behavior-cloning/more-curves4/IMG/center_2018_07_31_09_57_35_568.jpg, /Users/bb/Code/udacity/udacity-behavior-cloning/more-curves4/IMG/left_2018_07_31_09_57_35_568.jpg, /Users/bb/Code/udacity/udacity-behavior-cloning/more-curves4/IMG/right_2018_07_31_09_57_35_568.jpg, 0, 0.1868398, 0, 8.133567
/Users/bb/Code/udacity/udacity-behavior-cloning/more-curves4/IMG/center_2018_07_31_09_57_35_670.jpg, /Users/bb/Code/udacity/udacity-behavior-cloning/more-curves4/IMG/left_2018_07_31_09_57_35_670.jpg, /Users/bb/Code/udacity/udacity-behavior-cloning/more-curves4/IMG/right_2018_07_31_09_57_35_670.jpg, 0, 0.4936259, 0, 8.486267
/Users/bb/Code/udacity/udacity-behavior-cloning/more-curves4/IMG/center_2018_07_31_09_57_35_779.jpg, /Users/bb/Code/udacity/udacity-behavior-cloning/more-curves4/IMG/left_2018_07_31_09_57_35_779.jpg, /Users/bb/Code/udacity/udacity-behavior-cloning/more-curves4/IMG/right_2018_07_31_09_57_35_779.jpg, 0, 0.792861, 0, 9.197822
/Users/bb/Code/udacity/udacity-behavior-cloning/more-curves4/IMG/center_2018_07_31_09_57_35_884.jpg, /Users/bb/Code/udacity/udacity-behavior-cloning/more-curves4/IMG/left_2018_07_31_09_57_35_884.jpg, /Users/bb/Code/udacity/udacity-behavior-cloning/more-curves4/IMG/right_2018_07_31_09_57_35_884.jpg, 0, 1, 0, 10.24313
/Users/bb/Code/udacity/udacity-behavior-cloning/more-curves4/IMG/center_2018_07_31_09_57_35_985.jpg, /Users/bb/Code/udacity/udacity-behavior-cloning/more-curves4/IMG/left_2018_07_31_09_57_35_985.jpg, /Users/bb/Code/udacity/udacity-behavior-cloning/more-curves4/IMG/right_2018_07_31_09_57_35_985.jpg, 0, 0.8034703, 0, 11.25541
/Users/bb/Code/udacity/udacity-behavior-cloning/more-curves4/IMG/center_2018_07_31_09_57_36_091.jpg, /Users/bb/Code/udacity/udacity-behavior-cloning/more-curves4/IMG/left_2018_07_31_09_57_36_091.jpg, /Users/bb/Code/udacity/udacity-behavior-cloning/more-curves4/IMG/right_2018_07_31_09_57_36_091.jpg, 0, 0.4355502, 0, 12.06238
/Users/bb/Code/udacity/udacity-behavior-cloning/more-curves4/IMG/center_2018_07_31_09_57_36_198.jpg, /Users/bb/Code/udacity/udacity-behavior-cloning/more-curves4/IMG/left_2018_07_31_09_57_36_198.jpg, /Users/bb/Code/udacity/udacity-behavior-cloning/more-curves4/IMG/right_2018_07_31_09_57_36_198.jpg, 0, 0.141505, 0, 12.25995
/Users/bb/Code/udacity/udacity-behavior-cloning/more-curves4/IMG/center_2018_07_31_09_57_36_305.jpg, /Users/bb/Code/udacity/udacity-behavior-cloning/more-curves4/IMG/left_2018_07_31_09_57_36_305.jpg, /Users/bb/Code/udacity/udacity-behavior-cloning/more-curves4/IMG/right_2018_07_31_09_57_36_305.jpg, 0, 0, 0, 11.87516
/Users/bb/Code/udacity/udacity-behavior-cloning/more-curves4/IMG/center_2018_07_31_09_57_36_414.jpg, /Users/bb/Code/udacity/udacity-behavior-cloning/more-curves4/IMG/left_2018_07_31_09_57_36_414.jpg, /Users/bb/Code/udacity/udacity-behavior-cloning/more-curves4/IMG/right_2018_07_31_09_57_36_414.jpg, -0.02689505, 0, 0, 11.72537
/Users/bb/Code/udacity/udacity-behavior-cloning/more-curves4/IMG/center_2018_07_31_09_57_36_519.jpg, /Users/bb/Code/udacity/udacity-behavior-cloning/more-curves4/IMG/left_2018_07_31_09_57_36_519.jpg, /Users/bb/Code/udacity/udacity-behavior-cloning/more-curves4/IMG/right_2018_07_31_09_57_36_519.jpg, -0.3161792, 0, 0, 12.07969
/Users/bb/Code/udacity/udacity-behavior-cloning/more-curves4/IMG/center_2018_07_31_09_57_36_626.jpg, /Users/bb/Code/udacity/udacity-behavior-cloning/more-curves4/IMG/left_2018_07_31_09_57_36_626.jpg, /Users/bb/Code/udacity/udacity-behavior-cloning/more-curves4/IMG/right_2018_07_31_09_57_36_626.jpg, -0.02337313, 0, 0, 11.6495
/Users/bb/Code/udacity/udacity-behavior-cloning/more-curves4/IMG/center_2018_07_31_09_57_36_731.jpg, /Users/bb/Code/udacity/udacity-behavior-cloning/more-curves4/IMG/left_2018_07_31_09_57_36_731.jpg, /Users/bb/Code/udacity/udacity-behavior-cloning/more-curves4/IMG/right_2018_07_31_09_57_36_731.jpg, 0, 0, 0, 11.32977
/Users/bb/Code/udacity/udacity-behavior-cloning/more-curves4/IMG/center_2018_07_31_09_57_36_832.jpg, /Users/bb/Code/udacity/udacity-behavior-cloning/more-curves4/IMG/left_2018_07_31_09_57_36_832.jpg, /Users/bb/Code/udacity/udacity-behavior-cloning/more-curves4/IMG/right_2018_07_31_09_57_36_832.jpg, 0, 0, 0, 11.64316
/Users/bb/Code/udacity/udacity-behavior-cloning/more-curves4/IMG/center_2018_07_31_09_57_36_937.jpg, /Users/bb/Code/udacity/udacity-behavior-cloning/more-curves4/IMG/left_2018_07_31_09_57_36_937.jpg, /Users/bb/Code/udacity/udacity-behavior-cloning/more-curves4/IMG/right_2018_07_31_09_57_36_937.jpg, 0, 0, 0, 11.27254
/Users/bb/Code/udacity/udacity-behavior-cloning/more-curves4/IMG/center_2018_07_31_09_57_37_038.jpg, /Users/bb/Code/udacity/udacity-behavior-cloning/more-curves4/IMG/left_2018_07_31_09_57_37_038.jpg, /Users/bb/Code/udacity/udacity-behavior-cloning/more-curves4/IMG/right_2018_07_31_09_57_37_038.jpg, 0, 0, 0, 11.19596
/Users/bb/Code/udacity/udacity-behavior-cloning/more-curves4/IMG/center_2018_07_31_09_57_37_140.jpg, /Users/bb/Code/udacity/udacity-behavior-cloning/more-curves4/IMG/left_2018_07_31_09_57_37_140.jpg, /Users/bb/Code/udacity/udacity-behavior-cloning/more-curves4/IMG/right_2018_07_31_09_57_37_140.jpg, 0, 0, 0, 11.08506
/Users/bb/Code/udacity/udacity-behavior-cloning/more-curves4/IMG/center_2018_07_31_09_57_37_249.jpg, /Users/bb/Code/udacity/udacity-behavior-cloning/more-curves4/IMG/left_2018_07_31_09_57_37_249.jpg, /Users/bb/Code/udacity/udacity-behavior-cloning/more-curves4/IMG/right_2018_07_31_09_57_37_249.jpg, 0, 0, 0, 10.95167
/Users/bb/Code/udacity/udacity-behavior-cloning/more-curves4/IMG/center_2018_07_31_09_57_37_354.jpg, /Users/bb/Code/udacity/udacity-behavior-cloning/more-curves4/IMG/left_2018_07_31_09_57_37_354.jpg, /Users/bb/Code/udacity/udacity-behavior-cloning/more-curves4/IMG/right_2018_07_31_09_57_37_354.jpg, 0, 0, 0, 10.84174
/Users/bb/Code/udacity/udacity-behavior-cloning/more-curves4/IMG/center_2018_07_31_09_57_37_461.jpg, /Users/bb/Code/udacity/udacity-behavior-cloning/more-curves4/IMG/left_2018_07_31_09_57_37_461.jpg, /Users/bb/Code/udacity/udacity-behavior-cloning/more-curves4/IMG/right_2018_07_31_09_57_37_461.jpg, 0, 0, 0, 10.73291
/Users/bb/Code/udacity/udacity-behavior-cloning/more-curves4/IMG/center_2018_07_31_09_57_37_562.jpg, /Users/bb/Code/udacity/udacity-behavior-cloning/more-curves4/IMG/left_2018_07_31_09_57_37_562.jpg, /Users/bb/Code/udacity/udacity-behavior-cloning/more-curves4/IMG/right_2018_07_31_09_57_37_562.jpg, 0, 0, 0, 10.62518
/Users/bb/Code/udacity/udacity-behavior-cloning/more-curves4/IMG/center_2018_07_31_09_57_37_670.jpg, /Users/bb/Code/udacity/udacity-behavior-cloning/more-curves4/IMG/left_2018_07_31_09_57_37_670.jpg, /Users/bb/Code/udacity/udacity-behavior-cloning/more-curves4/IMG/right_2018_07_31_09_57_37_670.jpg, 0, 0, 0, 10.49733
/Users/bb/Code/udacity/udacity-behavior-cloning/more-curves4/IMG/center_2018_07_31_09_57_37_776.jpg, /Users/bb/Code/udacity/udacity-behavior-cloning/more-curves4/IMG/left_2018_07_31_09_57_37_776.jpg, /Users/bb/Code/udacity/udacity-behavior-cloning/more-curves4/IMG/right_2018_07_31_09_57_37_776.jpg, 0, 0, 0, 10.39196
/Users/bb/Code/udacity/udacity-behavior-cloning/more-curves4/IMG/center_2018_07_31_09_57_37_884.jpg, /Users/bb/Code/udacity/udacity-behavior-cloning/more-curves4/IMG/left_2018_07_31_09_57_37_884.jpg, /Users/bb/Code/udacity/udacity-behavior-cloning/more-curves4/IMG/right_2018_07_31_09_57_37_884.jpg, 0, 0, 0, 10.28765
/Users/bb/Code/udacity/udacity-behavior-cloning/more-curves4/IMG/center_2018_07_31_09_57_37_986.jpg, /Users/bb/Code/udacity/udacity-behavior-cloning/more-curves4/IMG/left_2018_07_31_09_57_37_986.jpg, /Users/bb/Code/udacity/udacity-behavior-cloning/more-curves4/IMG/right_2018_07_31_09_57_37_986.jpg, 0, 0, 0, 10.18439
/Users/bb/Code/udacity/udacity-behavior-cloning/more-curves4/IMG/center_2018_07_31_09_57_38_092.jpg, /Users/bb/Code/udacity/udacity-behavior-cloning/more-curves4/IMG/left_2018_07_31_09_57_38_092.jpg, /Users/bb/Code/udacity/udacity-behavior-cloning/more-curves4/IMG/right_2018_07_31_09_57_38_092.jpg, 0, 0, 0, 10.06186
/Users/bb/Code/udacity/udacity-behavior-cloning/more-curves4/IMG/center_2018_07_31_09_57_38_202.jpg, /Users/bb/Code/udacity/udacity-behavior-cloning/more-curves4/IMG/left_2018_07_31_09_57_38_202.jpg, /Users/bb/Code/udacity/udacity-behavior-cloning/more-curves4/IMG/right_2018_07_31_09_57_38_202.jpg, 0, 0, 0, 9.960862
/Users/bb/Code/udacity/udacity-behavior-cloning/more-curves4/IMG/center_2018_07_31_09_57_38_308.jpg, /Users/bb/Code/udacity/udacity-behavior-cloning/more-curves4/IMG/left_2018_07_31_09_57_38_308.jpg, /Users/bb/Code/udacity/udacity-behavior-cloning/more-curves4/IMG/right_2018_07_31_09_57_38_308.jpg, 0, 0, 0, 9.841003
/Users/bb/Code/udacity/udacity-behavior-cloning/more-curves4/IMG/center_2018_07_31_09_57_38_416.jpg, /Users/bb/Code/udacity/udacity-behavior-cloning/more-curves4/IMG/left_2018_07_31_09_57_38_416.jpg, /Users/bb/Code/udacity/udacity-behavior-cloning/more-curves4/IMG/right_2018_07_31_09_57_38_416.jpg, 0, 0, 0, 9.742226
/Users/bb/Code/udacity/udacity-behavior-cloning/more-curves4/IMG/center_2018_07_31_09_57_38_518.jpg, /Users/bb/Code/udacity/udacity-behavior-cloning/more-curves4/IMG/left_2018_07_31_09_57_38_518.jpg, /Users/bb/Code/udacity/udacity-behavior-cloning/more-curves4/IMG/right_2018_07_31_09_57_38_518.jpg, 0, 0, 0, 9.644436
/Users/bb/Code/udacity/udacity-behavior-cloning/more-curves4/IMG/center_2018_07_31_09_57_38_623.jpg, /Users/bb/Code/udacity/udacity-behavior-cloning/more-curves4/IMG/left_2018_07_31_09_57_38_623.jpg, /Users/bb/Code/udacity/udacity-behavior-cloning/more-curves4/IMG/right_2018_07_31_09_57_38_623.jpg, 0, 0, 0, 9.547627
/Users/bb/Code/udacity/udacity-behavior-cloning/more-curves4/IMG/center_2018_07_31_09_57_38_731.jpg, /Users/bb/Code/udacity/udacity-behavior-cloning/more-curves4/IMG/left_2018_07_31_09_57_38_731.jpg, /Users/bb/Code/udacity/udacity-behavior-cloning/more-curves4/IMG/right_2018_07_31_09_57_38_731.jpg, 0.1558321, 0, 0, 9.426581
/Users/bb/Code/udacity/udacity-behavior-cloning/more-curves4/IMG/center_2018_07_31_09_57_38_834.jpg, /Users/bb/Code/udacity/udacity-behavior-cloning/more-curves4/IMG/left_2018_07_31_09_57_38_834.jpg, /Users/bb/Code/udacity/udacity-behavior-cloning/more-curves4/IMG/right_2018_07_31_09_57_38_834.jpg, 0.05356801, 0, 0, 9.318542
/Users/bb/Code/udacity/udacity-behavior-cloning/more-curves4/IMG/center_2018_07_31_09_57_38_939.jpg, /Users/bb/Code/udacity/udacity-behavior-cloning/more-curves4/IMG/left_2018_07_31_09_57_38_939.jpg, /Users/bb/Code/udacity/udacity-behavior-cloning/more-curves4/IMG/right_2018_07_31_09_57_38_939.jpg, 0, 0, 0, 9.22173
/Users/bb/Code/udacity/udacity-behavior-cloning/more-curves4/IMG/center_2018_07_31_09_57_39_040.jpg, /Users/bb/Code/udacity/udacity-behavior-cloning/more-curves4/IMG/left_2018_07_31_09_57_39_040.jpg, /Users/bb/Code/udacity/udacity-behavior-cloning/more-curves4/IMG/right_2018_07_31_09_57_39_040.jpg, 0, 0, 0, 9.12897
/Users/bb/Code/udacity/udacity-behavior-cloning/more-curves4/IMG/center_2018_07_31_09_57_39_148.jpg, /Users/bb/Code/udacity/udacity-behavior-cloning/more-curves4/IMG/left_2018_07_31_09_57_39_148.jpg, /Users/bb/Code/udacity/udacity-behavior-cloning/more-curves4/IMG/right_2018_07_31_09_57_39_148.jpg, 0, 0, 0, 9.01911
/Users/bb/Code/udacity/udacity-behavior-cloning/more-curves4/IMG/center_2018_07_31_09_57_39_256.jpg, /Users/bb/Code/udacity/udacity-behavior-cloning/more-curves4/IMG/left_2018_07_31_09_57_39_256.jpg, /Users/bb/Code/udacity/udacity-behavior-cloning/more-curves4/IMG/right_2018_07_31_09_57_39_256.jpg, 0, 0, 0, 8.92858
/Users/bb/Code/udacity/udacity-behavior-cloning/more-curves4/IMG/center_2018_07_31_09_57_39_357.jpg, /Users/bb/Code/udacity/udacity-behavior-cloning/more-curves4/IMG/left_2018_07_31_09_57_39_357.jpg, /Users/bb/Code/udacity/udacity-behavior-cloning/more-curves4/IMG/right_2018_07_31_09_57_39_357.jpg, 0, 0, 0, 8.838966
/Users/bb/Code/udacity/udacity-behavior-cloning/more-curves4/IMG/center_2018_07_31_09_57_39_464.jpg, /Users/bb/Code/udacity/udacity-behavior-cloning/more-curves4/IMG/left_2018_07_31_09_57_39_464.jpg, /Users/bb/Code/udacity/udacity-behavior-cloning/more-curves4/IMG/right_2018_07_31_09_57_39_464.jpg, 0, 0, 0, 8.750252
/Users/bb/Code/udacity/udacity-behavior-cloning/more-curves4/IMG/center_2018_07_31_09_57_39_572.jpg, /Users/bb/Code/udacity/udacity-behavior-cloning/more-curves4/IMG/left_2018_07_31_09_57_39_572.jpg, /Users/bb/Code/udacity/udacity-behavior-cloning/more-curves4/IMG/right_2018_07_31_09_57_39_572.jpg, 0, 0, 0, 8.644969
/Users/bb/Code/udacity/udacity-behavior-cloning/more-curves4/IMG/center_2018_07_31_09_57_39_686.jpg, /Users/bb/Code/udacity/udacity-behavior-cloning/more-curves4/IMG/left_2018_07_31_09_57_39_686.jpg, /Users/bb/Code/udacity/udacity-behavior-cloning/more-curves4/IMG/right_2018_07_31_09_57_39_686.jpg, 0, 0, 0, 8.558204
/Users/bb/Code/udacity/udacity-behavior-cloning/more-curves4/IMG/center_2018_07_31_09_57_39_790.jpg, /Users/bb/Code/udacity/udacity-behavior-cloning/more-curves4/IMG/left_2018_07_31_09_57_39_790.jpg, /Users/bb/Code/udacity/udacity-behavior-cloning/more-curves4/IMG/right_2018_07_31_09_57_39_790.jpg, 0, 0, 0, 8.455232
/Users/bb/Code/udacity/udacity-behavior-cloning/more-curves4/IMG/center_2018_07_31_09_57_39_898.jpg, /Users/bb/Code/udacity/udacity-behavior-cloning/more-curves4/IMG/left_2018_07_31_09_57_39_898.jpg, /Users/bb/Code/udacity/udacity-behavior-cloning/more-curves4/IMG/right_2018_07_31_09_57_39_898.jpg, 0.184992, 0, 0, 8.362444
/Users/bb/Code/udacity/udacity-behavior-cloning/more-curves4/IMG/center_2018_07_31_09_57_40_004.jpg, /Users/bb/Code/udacity/udacity-behavior-cloning/more-curves4/IMG/left_2018_07_31_09_57_40_004.jpg, /Users/bb/Code/udacity/udacity-behavior-cloning/more-curves4/IMG/right_2018_07_31_09_57_40_004.jpg, 0, 0, 0, 8.277352
/Users/bb/Code/udacity/udacity-behavior-cloning/more-curves4/IMG/center_2018_07_31_09_57_40_107.jpg, /Users/bb/Code/udacity/udacity-behavior-cloning/more-curves4/IMG/left_2018_07_31_09_57_40_107.jpg, /Users/bb/Code/udacity/udacity-behavior-cloning/more-curves4/IMG/right_2018_07_31_09_57_40_107.jpg, 0, 0, 0, 8.194047
/Users/bb/Code/udacity/udacity-behavior-cloning/more-curves4/IMG/center_2018_07_31_09_57_40_214.jpg, /Users/bb/Code/udacity/udacity-behavior-cloning/more-curves4/IMG/left_2018_07_31_09_57_40_214.jpg, /Users/bb/Code/udacity/udacity-behavior-cloning/more-curves4/IMG/right_2018_07_31_09_57_40_214.jpg, 0, 0, 0, 8.095447
/Users/bb/Code/udacity/udacity-behavior-cloning/more-curves4/IMG/center_2018_07_31_09_57_40_320.jpg, /Users/bb/Code/udacity/udacity-behavior-cloning/more-curves4/IMG/left_2018_07_31_09_57_40_320.jpg, /Users/bb/Code/udacity/udacity-behavior-cloning/more-curves4/IMG/right_2018_07_31_09_57_40_320.jpg, 0.07580674, 0, 0, 8.01311
/Users/bb/Code/udacity/udacity-behavior-cloning/more-curves4/IMG/center_2018_07_31_09_57_40_429.jpg, /Users/bb/Code/udacity/udacity-behavior-cloning/more-curves4/IMG/left_2018_07_31_09_57_40_429.jpg, /Users/bb/Code/udacity/udacity-behavior-cloning/more-curves4/IMG/right_2018_07_31_09_57_40_429.jpg, 0.08098518, 0, 0, 7.900835
/Users/bb/Code/udacity/udacity-behavior-cloning/more-curves4/IMG/center_2018_07_31_09_57_40_530.jpg, /Users/bb/Code/udacity/udacity-behavior-cloning/more-curves4/IMG/left_2018_07_31_09_57_40_530.jpg, /Users/bb/Code/udacity/udacity-behavior-cloning/more-curves4/IMG/right_2018_07_31_09_57_40_530.jpg, 0, 0, 0, 7.818408
/Users/bb/Code/udacity/udacity-behavior-cloning/more-curves4/IMG/center_2018_07_31_09_57_40_631.jpg, /Users/bb/Code/udacity/udacity-behavior-cloning/more-curves4/IMG/left_2018_07_31_09_57_40_631.jpg, /Users/bb/Code/udacity/udacity-behavior-cloning/more-curves4/IMG/right_2018_07_31_09_57_40_631.jpg, 0, 0, 0, 7.739792
/Users/bb/Code/udacity/udacity-behavior-cloning/more-curves4/IMG/center_2018_07_31_09_57_40_733.jpg, /Users/bb/Code/udacity/udacity-behavior-cloning/more-curves4/IMG/left_2018_07_31_09_57_40_733.jpg, /Users/bb/Code/udacity/udacity-behavior-cloning/more-curves4/IMG/right_2018_07_31_09_57_40_733.jpg, 0.08868922, 0, 0, 7.656764
/Users/bb/Code/udacity/udacity-behavior-cloning/more-curves4/IMG/center_2018_07_31_09_57_40_839.jpg, /Users/bb/Code/udacity/udacity-behavior-cloning/more-curves4/IMG/left_2018_07_31_09_57_40_839.jpg, /Users/bb/Code/udacity/udacity-behavior-cloning/more-curves4/IMG/right_2018_07_31_09_57_40_839.jpg, 0, 0, 0, 7.579091
/Users/bb/Code/udacity/udacity-behavior-cloning/more-curves4/IMG/center_2018_07_31_09_57_40_946.jpg, /Users/bb/Code/udacity/udacity-behavior-cloning/more-curves4/IMG/left_2018_07_31_09_57_40_946.jpg, /Users/bb/Code/udacity/udacity-behavior-cloning/more-curves4/IMG/right_2018_07_31_09_57_40_946.jpg, 0, 0, 0, 7.502951
/Users/bb/Code/udacity/udacity-behavior-cloning/more-curves4/IMG/center_2018_07_31_09_57_41_050.jpg, /Users/bb/Code/udacity/udacity-behavior-cloning/more-curves4/IMG/left_2018_07_31_09_57_41_050.jpg, /Users/bb/Code/udacity/udacity-behavior-cloning/more-curves4/IMG/right_2018_07_31_09_57_41_050.jpg, 0, 0, 0, 7.412674
/Users/bb/Code/udacity/udacity-behavior-cloning/more-curves4/IMG/center_2018_07_31_09_57_41_152.jpg, /Users/bb/Code/udacity/udacity-behavior-cloning/more-curves4/IMG/left_2018_07_31_09_57_41_152.jpg, /Users/bb/Code/udacity/udacity-behavior-cloning/more-curves4/IMG/right_2018_07_31_09_57_41_152.jpg, 0.07799721, 0, 0, 7.337195
/Users/bb/Code/udacity/udacity-behavior-cloning/more-curves4/IMG/center_2018_07_31_09_57_41_259.jpg, /Users/bb/Code/udacity/udacity-behavior-cloning/more-curves4/IMG/left_2018_07_31_09_57_41_259.jpg, /Users/bb/Code/udacity/udacity-behavior-cloning/more-curves4/IMG/right_2018_07_31_09_57_41_259.jpg, 0.1564229, 0, 0, 7.247776
/Users/bb/Code/udacity/udacity-behavior-cloning/more-curves4/IMG/center_2018_07_31_09_57_41_364.jpg, /Users/bb/Code/udacity/udacity-behavior-cloning/more-curves4/IMG/left_2018_07_31_09_57_41_364.jpg, /Users/bb/Code/udacity/udacity-behavior-cloning/more-curves4/IMG/right_2018_07_31_09_57_41_364.jpg, 0, 0, 0, 7.172361
/Users/bb/Code/udacity/udacity-behavior-cloning/more-curves4/IMG/center_2018_07_31_09_57_41_474.jpg, /Users/bb/Code/udacity/udacity-behavior-cloning/more-curves4/IMG/left_2018_07_31_09_57_41_474.jpg, /Users/bb/Code/udacity/udacity-behavior-cloning/more-curves4/IMG/right_2018_07_31_09_57_41_474.jpg, 0.2625328, 0, 0, 7.07223
/Users/bb/Code/udacity/udacity-behavior-cloning/more-curves4/IMG/center_2018_07_31_09_57_41_575.jpg, /Users/bb/Code/udacity/udacity-behavior-cloning/more-curves4/IMG/left_2018_07_31_09_57_41_575.jpg, /Users/bb/Code/udacity/udacity-behavior-cloning/more-curves4/IMG/right_2018_07_31_09_57_41_575.jpg, 0, 0, 0, 6.998147
/Users/bb/Code/udacity/udacity-behavior-cloning/more-curves4/IMG/center_2018_07_31_09_57_41_680.jpg, /Users/bb/Code/udacity/udacity-behavior-cloning/more-curves4/IMG/left_2018_07_31_09_57_41_680.jpg, /Users/bb/Code/udacity/udacity-behavior-cloning/more-curves4/IMG/right_2018_07_31_09_57_41_680.jpg, 0, 0, 0, 6.926858
/Users/bb/Code/udacity/udacity-behavior-cloning/more-curves4/IMG/center_2018_07_31_09_57_41_785.jpg, /Users/bb/Code/udacity/udacity-behavior-cloning/more-curves4/IMG/left_2018_07_31_09_57_41_785.jpg, /Users/bb/Code/udacity/udacity-behavior-cloning/more-curves4/IMG/right_2018_07_31_09_57_41_785.jpg, 0, 0, 0, 6.857302
/Users/bb/Code/udacity/udacity-behavior-cloning/more-curves4/IMG/center_2018_07_31_09_57_41_893.jpg, /Users/bb/Code/udacity/udacity-behavior-cloning/more-curves4/IMG/left_2018_07_31_09_57_41_893.jpg, /Users/bb/Code/udacity/udacity-behavior-cloning/more-curves4/IMG/right_2018_07_31_09_57_41_893.jpg, 0, 0, 0, 6.774797
/Users/bb/Code/udacity/udacity-behavior-cloning/more-curves4/IMG/center_2018_07_31_09_57_41_998.jpg, /Users/bb/Code/udacity/udacity-behavior-cloning/more-curves4/IMG/left_2018_07_31_09_57_41_998.jpg, /Users/bb/Code/udacity/udacity-behavior-cloning/more-curves4/IMG/right_2018_07_31_09_57_41_998.jpg, 0, 0, 0, 6.706819
/Users/bb/Code/udacity/udacity-behavior-cloning/more-curves4/IMG/center_2018_07_31_09_57_42_104.jpg, /Users/bb/Code/udacity/udacity-behavior-cloning/more-curves4/IMG/left_2018_07_31_09_57_42_104.jpg, /Users/bb/Code/udacity/udacity-behavior-cloning/more-curves4/IMG/right_2018_07_31_09_57_42_104.jpg, 0, 0, 0, 6.639505
/Users/bb/Code/udacity/udacity-behavior-cloning/more-curves4/IMG/center_2018_07_31_09_57_42_209.jpg, /Users/bb/Code/udacity/udacity-behavior-cloning/more-curves4/IMG/left_2018_07_31_09_57_42_209.jpg, /Users/bb/Code/udacity/udacity-behavior-cloning/more-curves4/IMG/right_2018_07_31_09_57_42_209.jpg, 0, 0, 0, 6.559622
/Users/bb/Code/udacity/udacity-behavior-cloning/more-curves4/IMG/center_2018_07_31_09_57_42_311.jpg, /Users/bb/Code/udacity/udacity-behavior-cloning/more-curves4/IMG/left_2018_07_31_09_57_42_311.jpg, /Users/bb/Code/udacity/udacity-behavior-cloning/more-curves4/IMG/right_2018_07_31_09_57_42_311.jpg, 0, 0.1308239, 0, 6.544117
/Users/bb/Code/udacity/udacity-behavior-cloning/more-curves4/IMG/center_2018_07_31_09_57_42_417.jpg, /Users/bb/Code/udacity/udacity-behavior-cloning/more-curves4/IMG/left_2018_07_31_09_57_42_417.jpg, /Users/bb/Code/udacity/udacity-behavior-cloning/more-curves4/IMG/right_2018_07_31_09_57_42_417.jpg, 0, 0.4217759, 0, 6.839051
/Users/bb/Code/udacity/udacity-behavior-cloning/more-curves4/IMG/center_2018_07_31_09_57_42_524.jpg, /Users/bb/Code/udacity/udacity-behavior-cloning/more-curves4/IMG/left_2018_07_31_09_57_42_524.jpg, /Users/bb/Code/udacity/udacity-behavior-cloning/more-curves4/IMG/right_2018_07_31_09_57_42_524.jpg, 0, 0.743391, 0, 7.504742
/Users/bb/Code/udacity/udacity-behavior-cloning/more-curves4/IMG/center_2018_07_31_09_57_42_632.jpg, /Users/bb/Code/udacity/udacity-behavior-cloning/more-curves4/IMG/left_2018_07_31_09_57_42_632.jpg, /Users/bb/Code/udacity/udacity-behavior-cloning/more-curves4/IMG/right_2018_07_31_09_57_42_632.jpg, 0, 1, 0, 8.741611
/Users/bb/Code/udacity/udacity-behavior-cloning/more-curves4/IMG/center_2018_07_31_09_57_42_739.jpg, /Users/bb/Code/udacity/udacity-behavior-cloning/more-curves4/IMG/left_2018_07_31_09_57_42_739.jpg, /Users/bb/Code/udacity/udacity-behavior-cloning/more-curves4/IMG/right_2018_07_31_09_57_42_739.jpg, 0, 1, 0, 9.861328
/Users/bb/Code/udacity/udacity-behavior-cloning/more-curves4/IMG/center_2018_07_31_09_57_42_843.jpg, /Users/bb/Code/udacity/udacity-behavior-cloning/more-curves4/IMG/left_2018_07_31_09_57_42_843.jpg, /Users/bb/Code/udacity/udacity-behavior-cloning/more-curves4/IMG/right_2018_07_31_09_57_42_843.jpg, 0, 1, 0, 10.97004
/Users/bb/Code/udacity/udacity-behavior-cloning/more-curves4/IMG/center_2018_07_31_09_57_42_948.jpg, /Users/bb/Code/udacity/udacity-behavior-cloning/more-curves4/IMG/left_2018_07_31_09_57_42_948.jpg, /Users/bb/Code/udacity/udacity-behavior-cloning/more-curves4/IMG/right_2018_07_31_09_57_42_948.jpg, 0, 1, 0, 12.03675
/Users/bb/Code/udacity/udacity-behavior-cloning/more-curves4/IMG/center_2018_07_31_09_57_43_049.jpg, /Users/bb/Code/udacity/udacity-behavior-cloning/more-curves4/IMG/left_2018_07_31_09_57_43_049.jpg, /Users/bb/Code/udacity/udacity-behavior-cloning/more-curves4/IMG/right_2018_07_31_09_57_43_049.jpg, 0, 0.975319, 0, 13.25115
/Users/bb/Code/udacity/udacity-behavior-cloning/more-curves4/IMG/center_2018_07_31_09_57_43_150.jpg, /Users/bb/Code/udacity/udacity-behavior-cloning/more-curves4/IMG/left_2018_07_31_09_57_43_150.jpg, /Users/bb/Code/udacity/udacity-behavior-cloning/more-curves4/IMG/right_2018_07_31_09_57_43_150.jpg, 0, 0.670747, 0, 14.19054
/Users/bb/Code/udacity/udacity-behavior-cloning/more-curves4/IMG/center_2018_07_31_09_57_43_258.jpg, /Users/bb/Code/udacity/udacity-behavior-cloning/more-curves4/IMG/left_2018_07_31_09_57_43_258.jpg, /Users/bb/Code/udacity/udacity-behavior-cloning/more-curves4/IMG/right_2018_07_31_09_57_43_258.jpg, 0, 0.3741459, 0, 14.75953
/Users/bb/Code/udacity/udacity-behavior-cloning/more-curves4/IMG/center_2018_07_31_09_57_43_361.jpg, /Users/bb/Code/udacity/udacity-behavior-cloning/more-curves4/IMG/left_2018_07_31_09_57_43_361.jpg, /Users/bb/Code/udacity/udacity-behavior-cloning/more-curves4/IMG/right_2018_07_31_09_57_43_361.jpg, 0, 0.06219101, 0, 14.7653
/Users/bb/Code/udacity/udacity-behavior-cloning/more-curves4/IMG/center_2018_07_31_09_57_43_467.jpg, /Users/bb/Code/udacity/udacity-behavior-cloning/more-curves4/IMG/left_2018_07_31_09_57_43_467.jpg, /Users/bb/Code/udacity/udacity-behavior-cloning/more-curves4/IMG/right_2018_07_31_09_57_43_467.jpg, 0, 0, 0, 14.56336
/Users/bb/Code/udacity/udacity-behavior-cloning/more-curves4/IMG/center_2018_07_31_09_57_43_574.jpg, /Users/bb/Code/udacity/udacity-behavior-cloning/more-curves4/IMG/left_2018_07_31_09_57_43_574.jpg, /Users/bb/Code/udacity/udacity-behavior-cloning/more-curves4/IMG/right_2018_07_31_09_57_43_574.jpg, 0, 0, 0, 14.41019
/Users/bb/Code/udacity/udacity-behavior-cloning/more-curves4/IMG/center_2018_07_31_09_57_43_675.jpg, /Users/bb/Code/udacity/udacity-behavior-cloning/more-curves4/IMG/left_2018_07_31_09_57_43_675.jpg, /Users/bb/Code/udacity/udacity-behavior-cloning/more-curves4/IMG/right_2018_07_31_09_57_43_675.jpg, 0, 0, 0, 14.34484
/Users/bb/Code/udacity/udacity-behavior-cloning/more-curves4/IMG/center_2018_07_31_09_57_43_780.jpg, /Users/bb/Code/udacity/udacity-behavior-cloning/more-curves4/IMG/left_2018_07_31_09_57_43_780.jpg, /Users/bb/Code/udacity/udacity-behavior-cloning/more-curves4/IMG/right_2018_07_31_09_57_43_780.jpg, 0, 0, 0, 14.17905
/Users/bb/Code/udacity/udacity-behavior-cloning/more-curves4/IMG/center_2018_07_31_09_57_43_880.jpg, /Users/bb/Code/udacity/udacity-behavior-cloning/more-curves4/IMG/left_2018_07_31_09_57_43_880.jpg, /Users/bb/Code/udacity/udacity-behavior-cloning/more-curves4/IMG/right_2018_07_31_09_57_43_880.jpg, 0, 0, 0, 14.06062
/Users/bb/Code/udacity/udacity-behavior-cloning/more-curves4/IMG/center_2018_07_31_09_57_43_988.jpg, /Users/bb/Code/udacity/udacity-behavior-cloning/more-curves4/IMG/left_2018_07_31_09_57_43_988.jpg, /Users/bb/Code/udacity/udacity-behavior-cloning/more-curves4/IMG/right_2018_07_31_09_57_43_988.jpg, 0.2389709, 0, 0, 13.85252
/Users/bb/Code/udacity/udacity-behavior-cloning/more-curves4/IMG/center_2018_07_31_09_57_44_094.jpg, /Users/bb/Code/udacity/udacity-behavior-cloning/more-curves4/IMG/left_2018_07_31_09_57_44_094.jpg, /Users/bb/Code/udacity/udacity-behavior-cloning/more-curves4/IMG/right_2018_07_31_09_57_44_094.jpg, 0.3442615, 0, 0, 13.6329
/Users/bb/Code/udacity/udacity-behavior-cloning/more-curves4/IMG/center_2018_07_31_09_57_44_201.jpg, /Users/bb/Code/udacity/udacity-behavior-cloning/more-curves4/IMG/left_2018_07_31_09_57_44_201.jpg, /Users/bb/Code/udacity/udacity-behavior-cloning/more-curves4/IMG/right_2018_07_31_09_57_44_201.jpg, 0.0462656, 0, 0, 13.48323
/Users/bb/Code/udacity/udacity-behavior-cloning/more-curves4/IMG/center_2018_07_31_09_57_44_302.jpg, /Users/bb/Code/udacity/udacity-behavior-cloning/more-curves4/IMG/left_2018_07_31_09_57_44_302.jpg, /Users/bb/Code/udacity/udacity-behavior-cloning/more-curves4/IMG/right_2018_07_31_09_57_44_302.jpg, 0, 0, 0, 13.32784
/Users/bb/Code/udacity/udacity-behavior-cloning/more-curves4/IMG/center_2018_07_31_09_57_44_409.jpg, /Users/bb/Code/udacity/udacity-behavior-cloning/more-curves4/IMG/left_2018_07_31_09_57_44_409.jpg, /Users/bb/Code/udacity/udacity-behavior-cloning/more-curves4/IMG/right_2018_07_31_09_57_44_409.jpg, 0, 0, 0, 13.17518
/Users/bb/Code/udacity/udacity-behavior-cloning/more-curves4/IMG/center_2018_07_31_09_57_44_511.jpg, /Users/bb/Code/udacity/udacity-behavior-cloning/more-curves4/IMG/left_2018_07_31_09_57_44_511.jpg, /Users/bb/Code/udacity/udacity-behavior-cloning/more-curves4/IMG/right_2018_07_31_09_57_44_511.jpg, 0, 0, 0, 13.02051
/Users/bb/Code/udacity/udacity-behavior-cloning/more-curves4/IMG/center_2018_07_31_09_57_44_616.jpg, /Users/bb/Code/udacity/udacity-behavior-cloning/more-curves4/IMG/left_2018_07_31_09_57_44_616.jpg, /Users/bb/Code/udacity/udacity-behavior-cloning/more-curves4/IMG/right_2018_07_31_09_57_44_616.jpg, 0, 0, 0, 12.82775
/Users/bb/Code/udacity/udacity-behavior-cloning/more-curves4/IMG/center_2018_07_31_09_57_44_730.jpg, /Users/bb/Code/udacity/udacity-behavior-cloning/more-curves4/IMG/left_2018_07_31_09_57_44_730.jpg, /Users/bb/Code/udacity/udacity-behavior-cloning/more-curves4/IMG/right_2018_07_31_09_57_44_730.jpg, 0, 0, 0, 12.66498
/Users/bb/Code/udacity/udacity-behavior-cloning/more-curves4/IMG/center_2018_07_31_09_57_44_834.jpg, /Users/bb/Code/udacity/udacity-behavior-cloning/more-curves4/IMG/left_2018_07_31_09_57_44_834.jpg, /Users/bb/Code/udacity/udacity-behavior-cloning/more-curves4/IMG/right_2018_07_31_09_57_44_834.jpg, 0, 0, 0, 12.58713
/Users/bb/Code/udacity/udacity-behavior-cloning/more-curves4/IMG/center_2018_07_31_09_57_44_937.jpg, /Users/bb/Code/udacity/udacity-behavior-cloning/more-curves4/IMG/left_2018_07_31_09_57_44_937.jpg, /Users/bb/Code/udacity/udacity-behavior-cloning/more-curves4/IMG/right_2018_07_31_09_57_44_937.jpg, 0, 0, 0, 12.4073
/Users/bb/Code/udacity/udacity-behavior-cloning/more-curves4/IMG/center_2018_07_31_09_57_45_038.jpg, /Users/bb/Code/udacity/udacity-behavior-cloning/more-curves4/IMG/left_2018_07_31_09_57_45_038.jpg, /Users/bb/Code/udacity/udacity-behavior-cloning/more-curves4/IMG/right_2018_07_31_09_57_45_038.jpg, 0, 0, 0, 12.33023
/Users/bb/Code/udacity/udacity-behavior-cloning/more-curves4/IMG/center_2018_07_31_09_57_45_139.jpg, /Users/bb/Code/udacity/udacity-behavior-cloning/more-curves4/IMG/left_2018_07_31_09_57_45_139.jpg, /Users/bb/Code/udacity/udacity-behavior-cloning/more-curves4/IMG/right_2018_07_31_09_57_45_139.jpg, 0, 0, 0, 12.15633
/Users/bb/Code/udacity/udacity-behavior-cloning/more-curves4/IMG/center_2018_07_31_09_57_45_243.jpg, /Users/bb/Code/udacity/udacity-behavior-cloning/more-curves4/IMG/left_2018_07_31_09_57_45_243.jpg, /Users/bb/Code/udacity/udacity-behavior-cloning/more-curves4/IMG/right_2018_07_31_09_57_45_243.jpg, 0, 0, 0, 12.08243
/Users/bb/Code/udacity/udacity-behavior-cloning/more-curves4/IMG/center_2018_07_31_09_57_45_351.jpg, /Users/bb/Code/udacity/udacity-behavior-cloning/more-curves4/IMG/left_2018_07_31_09_57_45_351.jpg, /Users/bb/Code/udacity/udacity-behavior-cloning/more-curves4/IMG/right_2018_07_31_09_57_45_351.jpg, 0, 0, 0, 11.94478
/Users/bb/Code/udacity/udacity-behavior-cloning/more-curves4/IMG/center_2018_07_31_09_57_45_454.jpg, /Users/bb/Code/udacity/udacity-behavior-cloning/more-curves4/IMG/left_2018_07_31_09_57_45_454.jpg, /Users/bb/Code/udacity/udacity-behavior-cloning/more-curves4/IMG/right_2018_07_31_09_57_45_454.jpg, 0, 0, 0, 11.78374
/Users/bb/Code/udacity/udacity-behavior-cloning/more-curves4/IMG/center_2018_07_31_09_57_45_558.jpg, /Users/bb/Code/udacity/udacity-behavior-cloning/more-curves4/IMG/left_2018_07_31_09_57_45_558.jpg, /Users/bb/Code/udacity/udacity-behavior-cloning/more-curves4/IMG/right_2018_07_31_09_57_45_558.jpg, 0, 0, 0, 11.7396
/Users/bb/Code/udacity/udacity-behavior-cloning/more-curves4/IMG/center_2018_07_31_09_57_45_660.jpg, /Users/bb/Code/udacity/udacity-behavior-cloning/more-curves4/IMG/left_2018_07_31_09_57_45_660.jpg, /Users/bb/Code/udacity/udacity-behavior-cloning/more-curves4/IMG/right_2018_07_31_09_57_45_660.jpg, 0, 0, 0, 11.54472
/Users/bb/Code/udacity/udacity-behavior-cloning/more-curves4/IMG/center_2018_07_31_09_57_45_765.jpg, /Users/bb/Code/udacity/udacity-behavior-cloning/more-curves4/IMG/left_2018_07_31_09_57_45_765.jpg, /Users/bb/Code/udacity/udacity-behavior-cloning/more-curves4/IMG/right_2018_07_31_09_57_45_765.jpg, 0, 0, 0, 11.50255
/Users/bb/Code/udacity/udacity-behavior-cloning/more-curves4/IMG/center_2018_07_31_09_57_45_868.jpg, /Users/bb/Code/udacity/udacity-behavior-cloning/more-curves4/IMG/left_2018_07_31_09_57_45_868.jpg, /Users/bb/Code/udacity/udacity-behavior-cloning/more-curves4/IMG/right_2018_07_31_09_57_45_868.jpg, 0, 0.3367227, 0, 11.58278
/Users/bb/Code/udacity/udacity-behavior-cloning/more-curves4/IMG/center_2018_07_31_09_57_45_971.jpg, /Users/bb/Code/udacity/udacity-behavior-cloning/more-curves4/IMG/left_2018_07_31_09_57_45_971.jpg, /Users/bb/Code/udacity/udacity-behavior-cloning/more-curves4/IMG/right_2018_07_31_09_57_45_971.jpg, 0, 0.6454768, 0, 12.00151
/Users/bb/Code/udacity/udacity-behavior-cloning/more-curves4/IMG/center_2018_07_31_09_57_46_078.jpg, /Users/bb/Code/udacity/udacity-behavior-cloning/more-curves4/IMG/left_2018_07_31_09_57_46_078.jpg, /Users/bb/Code/udacity/udacity-behavior-cloning/more-curves4/IMG/right_2018_07_31_09_57_46_078.jpg, 0, 0.9431849, 0, 12.86572
/Users/bb/Code/udacity/udacity-behavior-cloning/more-curves4/IMG/center_2018_07_31_09_57_46_183.jpg, /Users/bb/Code/udacity/udacity-behavior-cloning/more-curves4/IMG/left_2018_07_31_09_57_46_183.jpg, /Users/bb/Code/udacity/udacity-behavior-cloning/more-curves4/IMG/right_2018_07_31_09_57_46_183.jpg, 0, 1, 0, 13.95865
/Users/bb/Code/udacity/udacity-behavior-cloning/more-curves4/IMG/center_2018_07_31_09_57_46_288.jpg, /Users/bb/Code/udacity/udacity-behavior-cloning/more-curves4/IMG/left_2018_07_31_09_57_46_288.jpg, /Users/bb/Code/udacity/udacity-behavior-cloning/more-curves4/IMG/right_2018_07_31_09_57_46_288.jpg, 0, 0.9499478, 0, 15.29536
/Users/bb/Code/udacity/udacity-behavior-cloning/more-curves4/IMG/center_2018_07_31_09_57_46_389.jpg, /Users/bb/Code/udacity/udacity-behavior-cloning/more-curves4/IMG/left_2018_07_31_09_57_46_389.jpg, /Users/bb/Code/udacity/udacity-behavior-cloning/more-curves4/IMG/right_2018_07_31_09_57_46_389.jpg, 0, 0.647812, 0, 16.17111
/Users/bb/Code/udacity/udacity-behavior-cloning/more-curves4/IMG/center_2018_07_31_09_57_46_490.jpg, /Users/bb/Code/udacity/udacity-behavior-cloning/more-curves4/IMG/left_2018_07_31_09_57_46_490.jpg, /Users/bb/Code/udacity/udacity-behavior-cloning/more-curves4/IMG/right_2018_07_31_09_57_46_490.jpg, 0, 0.34348, 0, 16.47208
/Users/bb/Code/udacity/udacity-behavior-cloning/more-curves4/IMG/center_2018_07_31_09_57_46_596.jpg, /Users/bb/Code/udacity/udacity-behavior-cloning/more-curves4/IMG/left_2018_07_31_09_57_46_596.jpg, /Users/bb/Code/udacity/udacity-behavior-cloning/more-curves4/IMG/right_2018_07_31_09_57_46_596.jpg, 0, 0.05085099, 0, 16.65899
/Users/bb/Code/udacity/udacity-behavior-cloning/more-curves4/IMG/center_2018_07_31_09_57_46_703.jpg, /Users/bb/Code/udacity/udacity-behavior-cloning/more-curves4/IMG/left_2018_07_31_09_57_46_703.jpg, /Users/bb/Code/udacity/udacity-behavior-cloning/more-curves4/IMG/right_2018_07_31_09_57_46_703.jpg, 0, 0, 0, 16.30566
/Users/bb/Code/udacity/udacity-behavior-cloning/more-curves4/IMG/center_2018_07_31_09_57_46_811.jpg, /Users/bb/Code/udacity/udacity-behavior-cloning/more-curves4/IMG/left_2018_07_31_09_57_46_811.jpg, /Users/bb/Code/udacity/udacity-behavior-cloning/more-curves4/IMG/right_2018_07_31_09_57_46_811.jpg, 0, 0, 0, 16.10215
/Users/bb/Code/udacity/udacity-behavior-cloning/more-curves4/IMG/center_2018_07_31_09_57_46_911.jpg, /Users/bb/Code/udacity/udacity-behavior-cloning/more-curves4/IMG/left_2018_07_31_09_57_46_911.jpg, /Users/bb/Code/udacity/udacity-behavior-cloning/more-curves4/IMG/right_2018_07_31_09_57_46_911.jpg, 0, 0, 0, 16.16613
/Users/bb/Code/udacity/udacity-behavior-cloning/more-curves4/IMG/center_2018_07_31_09_57_47_012.jpg, /Users/bb/Code/udacity/udacity-behavior-cloning/more-curves4/IMG/left_2018_07_31_09_57_47_012.jpg, /Users/bb/Code/udacity/udacity-behavior-cloning/more-curves4/IMG/right_2018_07_31_09_57_47_012.jpg, 0, 0, 0, 15.77182
/Users/bb/Code/udacity/udacity-behavior-cloning/more-curves4/IMG/center_2018_07_31_09_57_47_119.jpg, /Users/bb/Code/udacity/udacity-behavior-cloning/more-curves4/IMG/left_2018_07_31_09_57_47_119.jpg, /Users/bb/Code/udacity/udacity-behavior-cloning/more-curves4/IMG/right_2018_07_31_09_57_47_119.jpg, 0, 0, 0, 15.84429
/Users/bb/Code/udacity/udacity-behavior-cloning/more-curves4/IMG/center_2018_07_31_09_57_47_219.jpg, /Users/bb/Code/udacity/udacity-behavior-cloning/more-curves4/IMG/left_2018_07_31_09_57_47_219.jpg, /Users/bb/Code/udacity/udacity-behavior-cloning/more-curves4/IMG/right_2018_07_31_09_57_47_219.jpg, 0, 0, 0, 15.44917
/Users/bb/Code/udacity/udacity-behavior-cloning/more-curves4/IMG/center_2018_07_31_09_57_47_326.jpg, /Users/bb/Code/udacity/udacity-behavior-cloning/more-curves4/IMG/left_2018_07_31_09_57_47_326.jpg, /Users/bb/Code/udacity/udacity-behavior-cloning/more-curves4/IMG/right_2018_07_31_09_57_47_326.jpg, 0, 0, 0, 15.52937
/Users/bb/Code/udacity/udacity-behavior-cloning/more-curves4/IMG/center_2018_07_31_09_57_47_432.jpg, /Users/bb/Code/udacity/udacity-behavior-cloning/more-curves4/IMG/left_2018_07_31_09_57_47_432.jpg, /Users/bb/Code/udacity/udacity-behavior-cloning/more-curves4/IMG/right_2018_07_31_09_57_47_432.jpg, 0, 0, 0, 15.34628
/Users/bb/Code/udacity/udacity-behavior-cloning/more-curves4/IMG/center_2018_07_31_09_57_47_532.jpg, /Users/bb/Code/udacity/udacity-behavior-cloning/more-curves4/IMG/left_2018_07_31_09_57_47_532.jpg, /Users/bb/Code/udacity/udacity-behavior-cloning/more-curves4/IMG/right_2018_07_31_09_57_47_532.jpg, 0, 0, 0, 14.96598
/Users/bb/Code/udacity/udacity-behavior-cloning/more-curves4/IMG/center_2018_07_31_09_57_47_637.jpg, /Users/bb/Code/udacity/udacity-behavior-cloning/more-curves4/IMG/left_2018_07_31_09_57_47_637.jpg, /Users/bb/Code/udacity/udacity-behavior-cloning/more-curves4/IMG/right_2018_07_31_09_57_47_637.jpg, 0, 0, 0, 15.05193
/Users/bb/Code/udacity/udacity-behavior-cloning/more-curves4/IMG/center_2018_07_31_09_57_47_739.jpg, /Users/bb/Code/udacity/udacity-behavior-cloning/more-curves4/IMG/left_2018_07_31_09_57_47_739.jpg, /Users/bb/Code/udacity/udacity-behavior-cloning/more-curves4/IMG/right_2018_07_31_09_57_47_739.jpg, 0.02755201, 0, 0, 14.67957
/Users/bb/Code/udacity/udacity-behavior-cloning/more-curves4/IMG/center_2018_07_31_09_57_47_843.jpg, /Users/bb/Code/udacity/udacity-behavior-cloning/more-curves4/IMG/left_2018_07_31_09_57_47_843.jpg, /Users/bb/Code/udacity/udacity-behavior-cloning/more-curves4/IMG/right_2018_07_31_09_57_47_843.jpg, 0.3359281, 0, 0, 14.72552
/Users/bb/Code/udacity/udacity-behavior-cloning/more-curves4/IMG/center_2018_07_31_09_57_47_945.jpg, /Users/bb/Code/udacity/udacity-behavior-cloning/more-curves4/IMG/left_2018_07_31_09_57_47_945.jpg, /Users/bb/Code/udacity/udacity-behavior-cloning/more-curves4/IMG/right_2018_07_31_09_57_47_945.jpg, 0.6191972, 0, 0, 14.19901
/Users/bb/Code/udacity/udacity-behavior-cloning/more-curves4/IMG/center_2018_07_31_09_57_48_046.jpg, /Users/bb/Code/udacity/udacity-behavior-cloning/more-curves4/IMG/left_2018_07_31_09_57_48_046.jpg, /Users/bb/Code/udacity/udacity-behavior-cloning/more-curves4/IMG/right_2018_07_31_09_57_48_046.jpg, 0.6401671, 0, 0, 14.17374
/Users/bb/Code/udacity/udacity-behavior-cloning/more-curves4/IMG/center_2018_07_31_09_57_48_153.jpg, /Users/bb/Code/udacity/udacity-behavior-cloning/more-curves4/IMG/left_2018_07_31_09_57_48_153.jpg, /Users/bb/Code/udacity/udacity-behavior-cloning/more-curves4/IMG/right_2018_07_31_09_57_48_153.jpg, 0.2687459, 0, 0, 13.99291
/Users/bb/Code/udacity/udacity-behavior-cloning/more-curves4/IMG/center_2018_07_31_09_57_48_262.jpg, /Users/bb/Code/udacity/udacity-behavior-cloning/more-curves4/IMG/left_2018_07_31_09_57_48_262.jpg, /Users/bb/Code/udacity/udacity-behavior-cloning/more-curves4/IMG/right_2018_07_31_09_57_48_262.jpg, 0, 0, 0, 13.59701
/Users/bb/Code/udacity/udacity-behavior-cloning/more-curves4/IMG/center_2018_07_31_09_57_48_362.jpg, /Users/bb/Code/udacity/udacity-behavior-cloning/more-curves4/IMG/left_2018_07_31_09_57_48_362.jpg, /Users/bb/Code/udacity/udacity-behavior-cloning/more-curves4/IMG/right_2018_07_31_09_57_48_362.jpg, 0, 0, 0, 13.6973
/Users/bb/Code/udacity/udacity-behavior-cloning/more-curves4/IMG/center_2018_07_31_09_57_48_471.jpg, /Users/bb/Code/udacity/udacity-behavior-cloning/more-curves4/IMG/left_2018_07_31_09_57_48_471.jpg, /Users/bb/Code/udacity/udacity-behavior-cloning/more-curves4/IMG/right_2018_07_31_09_57_48_471.jpg, 0, 0, 0, 13.50793
/Users/bb/Code/udacity/udacity-behavior-cloning/more-curves4/IMG/center_2018_07_31_09_57_48_575.jpg, /Users/bb/Code/udacity/udacity-behavior-cloning/more-curves4/IMG/left_2018_07_31_09_57_48_575.jpg, /Users/bb/Code/udacity/udacity-behavior-cloning/more-curves4/IMG/right_2018_07_31_09_57_48_575.jpg, 0, 0, 0, 13.12504
/Users/bb/Code/udacity/udacity-behavior-cloning/more-curves4/IMG/center_2018_07_31_09_57_48_683.jpg, /Users/bb/Code/udacity/udacity-behavior-cloning/more-curves4/IMG/left_2018_07_31_09_57_48_683.jpg, /Users/bb/Code/udacity/udacity-behavior-cloning/more-curves4/IMG/right_2018_07_31_09_57_48_683.jpg, 0, 0, 0, 13.26097
/Users/bb/Code/udacity/udacity-behavior-cloning/more-curves4/IMG/center_2018_07_31_09_57_48_791.jpg, /Users/bb/Code/udacity/udacity-behavior-cloning/more-curves4/IMG/left_2018_07_31_09_57_48_791.jpg, /Users/bb/Code/udacity/udacity-behavior-cloning/more-curves4/IMG/right_2018_07_31_09_57_48_791.jpg, 0, 0, 0, 13.10607
/Users/bb/Code/udacity/udacity-behavior-cloning/more-curves4/IMG/center_2018_07_31_09_57_48_892.jpg, /Users/bb/Code/udacity/udacity-behavior-cloning/more-curves4/IMG/left_2018_07_31_09_57_48_892.jpg, /Users/bb/Code/udacity/udacity-behavior-cloning/more-curves4/IMG/right_2018_07_31_09_57_48_892.jpg, 0, 0, 0, 12.75076
/Users/bb/Code/udacity/udacity-behavior-cloning/more-curves4/IMG/center_2018_07_31_09_57_48_995.jpg, /Users/bb/Code/udacity/udacity-behavior-cloning/more-curves4/IMG/left_2018_07_31_09_57_48_995.jpg, /Users/bb/Code/udacity/udacity-behavior-cloning/more-curves4/IMG/right_2018_07_31_09_57_48_995.jpg, 0, 0, 0, 12.82573
/Users/bb/Code/udacity/udacity-behavior-cloning/more-curves4/IMG/center_2018_07_31_09_57_49_103.jpg, /Users/bb/Code/udacity/udacity-behavior-cloning/more-curves4/IMG/left_2018_07_31_09_57_49_103.jpg, /Users/bb/Code/udacity/udacity-behavior-cloning/more-curves4/IMG/right_2018_07_31_09_57_49_103.jpg, 0, 0, 0, 12.4852
/Users/bb/Code/udacity/udacity-behavior-cloning/more-curves4/IMG/center_2018_07_31_09_57_49_210.jpg, /Users/bb/Code/udacity/udacity-behavior-cloning/more-curves4/IMG/left_2018_07_31_09_57_49_210.jpg, /Users/bb/Code/udacity/udacity-behavior-cloning/more-curves4/IMG/right_2018_07_31_09_57_49_210.jpg, 0, 0.1156619, 0, 12.29251
/Users/bb/Code/udacity/udacity-behavior-cloning/more-curves4/IMG/center_2018_07_31_09_57_49_316.jpg, /Users/bb/Code/udacity/udacity-behavior-cloning/more-curves4/IMG/left_2018_07_31_09_57_49_316.jpg, /Users/bb/Code/udacity/udacity-behavior-cloning/more-curves4/IMG/right_2018_07_31_09_57_49_316.jpg, 0, 0.4075077, 0, 12.80868
/Users/bb/Code/udacity/udacity-behavior-cloning/more-curves4/IMG/center_2018_07_31_09_57_49_421.jpg, /Users/bb/Code/udacity/udacity-behavior-cloning/more-curves4/IMG/left_2018_07_31_09_57_49_421.jpg, /Users/bb/Code/udacity/udacity-behavior-cloning/more-curves4/IMG/right_2018_07_31_09_57_49_421.jpg, 0, 0.7205397, 0, 13.31019
/Users/bb/Code/udacity/udacity-behavior-cloning/more-curves4/IMG/center_2018_07_31_09_57_49_530.jpg, /Users/bb/Code/udacity/udacity-behavior-cloning/more-curves4/IMG/left_2018_07_31_09_57_49_530.jpg, /Users/bb/Code/udacity/udacity-behavior-cloning/more-curves4/IMG/right_2018_07_31_09_57_49_530.jpg, 0, 1, 0, 14.23523
/Users/bb/Code/udacity/udacity-behavior-cloning/more-curves4/IMG/center_2018_07_31_09_57_49_632.jpg, /Users/bb/Code/udacity/udacity-behavior-cloning/more-curves4/IMG/left_2018_07_31_09_57_49_632.jpg, /Users/bb/Code/udacity/udacity-behavior-cloning/more-curves4/IMG/right_2018_07_31_09_57_49_632.jpg, 0, 1, 0, 15.61541
/Users/bb/Code/udacity/udacity-behavior-cloning/more-curves4/IMG/center_2018_07_31_09_57_49_741.jpg, /Users/bb/Code/udacity/udacity-behavior-cloning/more-curves4/IMG/left_2018_07_31_09_57_49_741.jpg, /Users/bb/Code/udacity/udacity-behavior-cloning/more-curves4/IMG/right_2018_07_31_09_57_49_741.jpg, 0, 1, 0, 16.41548
/Users/bb/Code/udacity/udacity-behavior-cloning/more-curves4/IMG/center_2018_07_31_09_57_49_846.jpg, /Users/bb/Code/udacity/udacity-behavior-cloning/more-curves4/IMG/left_2018_07_31_09_57_49_846.jpg, /Users/bb/Code/udacity/udacity-behavior-cloning/more-curves4/IMG/right_2018_07_31_09_57_49_846.jpg, 0, 1, 0, 17.68863
/Users/bb/Code/udacity/udacity-behavior-cloning/more-curves4/IMG/center_2018_07_31_09_57_49_953.jpg, /Users/bb/Code/udacity/udacity-behavior-cloning/more-curves4/IMG/left_2018_07_31_09_57_49_953.jpg, /Users/bb/Code/udacity/udacity-behavior-cloning/more-curves4/IMG/right_2018_07_31_09_57_49_953.jpg, 0, 0.9742658, 0, 18.90749
/Users/bb/Code/udacity/udacity-behavior-cloning/more-curves4/IMG/center_2018_07_31_09_57_50_061.jpg, /Users/bb/Code/udacity/udacity-behavior-cloning/more-curves4/IMG/left_2018_07_31_09_57_50_061.jpg, /Users/bb/Code/udacity/udacity-behavior-cloning/more-curves4/IMG/right_2018_07_31_09_57_50_061.jpg, 0, 0.681379, 0, 19.54448
/Users/bb/Code/udacity/udacity-behavior-cloning/more-curves4/IMG/center_2018_07_31_09_57_50_162.jpg, /Users/bb/Code/udacity/udacity-behavior-cloning/more-curves4/IMG/left_2018_07_31_09_57_50_162.jpg, /Users/bb/Code/udacity/udacity-behavior-cloning/more-curves4/IMG/right_2018_07_31_09_57_50_162.jpg, 0, 0.3742328, 0, 20.18634
/Users/bb/Code/udacity/udacity-behavior-cloning/more-curves4/IMG/center_2018_07_31_09_57_50_263.jpg, /Users/bb/Code/udacity/udacity-behavior-cloning/more-curves4/IMG/left_2018_07_31_09_57_50_263.jpg, /Users/bb/Code/udacity/udacity-behavior-cloning/more-curves4/IMG/right_2018_07_31_09_57_50_263.jpg, 0, 0.07270598, 0, 19.97005
/Users/bb/Code/udacity/udacity-behavior-cloning/more-curves4/IMG/center_2018_07_31_09_57_50_364.jpg, /Users/bb/Code/udacity/udacity-behavior-cloning/more-curves4/IMG/left_2018_07_31_09_57_50_364.jpg, /Users/bb/Code/udacity/udacity-behavior-cloning/more-curves4/IMG/right_2018_07_31_09_57_50_364.jpg, 0, 0, 0, 20.09277
/Users/bb/Code/udacity/udacity-behavior-cloning/more-curves4/IMG/center_2018_07_31_09_57_50_467.jpg, /Users/bb/Code/udacity/udacity-behavior-cloning/more-curves4/IMG/left_2018_07_31_09_57_50_467.jpg, /Users/bb/Code/udacity/udacity-behavior-cloning/more-curves4/IMG/right_2018_07_31_09_57_50_467.jpg, 0, 0, 0, 19.54156
/Users/bb/Code/udacity/udacity-behavior-cloning/more-curves4/IMG/center_2018_07_31_09_57_50_574.jpg, /Users/bb/Code/udacity/udacity-behavior-cloning/more-curves4/IMG/left_2018_07_31_09_57_50_574.jpg, /Users/bb/Code/udacity/udacity-behavior-cloning/more-curves4/IMG/right_2018_07_31_09_57_50_574.jpg, 0, 0, 0, 19.28881
/Users/bb/Code/udacity/udacity-behavior-cloning/more-curves4/IMG/center_2018_07_31_09_57_50_677.jpg, /Users/bb/Code/udacity/udacity-behavior-cloning/more-curves4/IMG/left_2018_07_31_09_57_50_677.jpg, /Users/bb/Code/udacity/udacity-behavior-cloning/more-curves4/IMG/right_2018_07_31_09_57_50_677.jpg, 0, 0, 0, 19.48945
/Users/bb/Code/udacity/udacity-behavior-cloning/more-curves4/IMG/center_2018_07_31_09_57_50_781.jpg, /Users/bb/Code/udacity/udacity-behavior-cloning/more-curves4/IMG/left_2018_07_31_09_57_50_781.jpg, /Users/bb/Code/udacity/udacity-behavior-cloning/more-curves4/IMG/right_2018_07_31_09_57_50_781.jpg, 0, 0, 0, 18.86244
/Users/bb/Code/udacity/udacity-behavior-cloning/more-curves4/IMG/center_2018_07_31_09_57_50_883.jpg, /Users/bb/Code/udacity/udacity-behavior-cloning/more-curves4/IMG/left_2018_07_31_09_57_50_883.jpg, /Users/bb/Code/udacity/udacity-behavior-cloning/more-curves4/IMG/right_2018_07_31_09_57_50_883.jpg, 0, 0, 0, 19.12485
/Users/bb/Code/udacity/udacity-behavior-cloning/more-curves4/IMG/center_2018_07_31_09_57_50_990.jpg, /Users/bb/Code/udacity/udacity-behavior-cloning/more-curves4/IMG/left_2018_07_31_09_57_50_990.jpg, /Users/bb/Code/udacity/udacity-behavior-cloning/more-curves4/IMG/right_2018_07_31_09_57_50_990.jpg, 0, 0, 0, 18.90203
/Users/bb/Code/udacity/udacity-behavior-cloning/more-curves4/IMG/center_2018_07_31_09_57_51_098.jpg, /Users/bb/Code/udacity/udacity-behavior-cloning/more-curves4/IMG/left_2018_07_31_09_57_51_098.jpg, /Users/bb/Code/udacity/udacity-behavior-cloning/more-curves4/IMG/right_2018_07_31_09_57_51_098.jpg, 0, 0, 0, 18.22375
/Users/bb/Code/udacity/udacity-behavior-cloning/more-curves4/IMG/center_2018_07_31_09_57_51_198.jpg, /Users/bb/Code/udacity/udacity-behavior-cloning/more-curves4/IMG/left_2018_07_31_09_57_51_198.jpg, /Users/bb/Code/udacity/udacity-behavior-cloning/more-curves4/IMG/right_2018_07_31_09_57_51_198.jpg, 0.3017009, 0, 0, 18.47463
/Users/bb/Code/udacity/udacity-behavior-cloning/more-curves4/IMG/center_2018_07_31_09_57_51_299.jpg, /Users/bb/Code/udacity/udacity-behavior-cloning/more-curves4/IMG/left_2018_07_31_09_57_51_299.jpg, /Users/bb/Code/udacity/udacity-behavior-cloning/more-curves4/IMG/right_2018_07_31_09_57_51_299.jpg, 0.6029159, 0, 0, 17.7036
/Users/bb/Code/udacity/udacity-behavior-cloning/more-curves4/IMG/center_2018_07_31_09_57_51_404.jpg, /Users/bb/Code/udacity/udacity-behavior-cloning/more-curves4/IMG/left_2018_07_31_09_57_51_404.jpg, /Users/bb/Code/udacity/udacity-behavior-cloning/more-curves4/IMG/right_2018_07_31_09_57_51_404.jpg, 0.6520979, 0, 0, 17.79131
/Users/bb/Code/udacity/udacity-behavior-cloning/more-curves4/IMG/center_2018_07_31_09_57_51_508.jpg, /Users/bb/Code/udacity/udacity-behavior-cloning/more-curves4/IMG/left_2018_07_31_09_57_51_508.jpg, /Users/bb/Code/udacity/udacity-behavior-cloning/more-curves4/IMG/right_2018_07_31_09_57_51_508.jpg, 0.3132988, 0, 0, 17.59484
/Users/bb/Code/udacity/udacity-behavior-cloning/more-curves4/IMG/center_2018_07_31_09_57_51_609.jpg, /Users/bb/Code/udacity/udacity-behavior-cloning/more-curves4/IMG/left_2018_07_31_09_57_51_609.jpg, /Users/bb/Code/udacity/udacity-behavior-cloning/more-curves4/IMG/right_2018_07_31_09_57_51_609.jpg, 0.01086009, 0, 0, 16.91726
/Users/bb/Code/udacity/udacity-behavior-cloning/more-curves4/IMG/center_2018_07_31_09_57_51_720.jpg, /Users/bb/Code/udacity/udacity-behavior-cloning/more-curves4/IMG/left_2018_07_31_09_57_51_720.jpg, /Users/bb/Code/udacity/udacity-behavior-cloning/more-curves4/IMG/right_2018_07_31_09_57_51_720.jpg, 0, 0, 0, 17.23638
/Users/bb/Code/udacity/udacity-behavior-cloning/more-curves4/IMG/center_2018_07_31_09_57_51_827.jpg, /Users/bb/Code/udacity/udacity-behavior-cloning/more-curves4/IMG/left_2018_07_31_09_57_51_827.jpg, /Users/bb/Code/udacity/udacity-behavior-cloning/more-curves4/IMG/right_2018_07_31_09_57_51_827.jpg, 0, 0, 0, 16.52462
/Users/bb/Code/udacity/udacity-behavior-cloning/more-curves4/IMG/center_2018_07_31_09_57_51_930.jpg, /Users/bb/Code/udacity/udacity-behavior-cloning/more-curves4/IMG/left_2018_07_31_09_57_51_930.jpg, /Users/bb/Code/udacity/udacity-behavior-cloning/more-curves4/IMG/right_2018_07_31_09_57_51_930.jpg, 0, 0, 0, 16.31618
/Users/bb/Code/udacity/udacity-behavior-cloning/more-curves4/IMG/center_2018_07_31_09_57_52_033.jpg, /Users/bb/Code/udacity/udacity-behavior-cloning/more-curves4/IMG/left_2018_07_31_09_57_52_033.jpg, /Users/bb/Code/udacity/udacity-behavior-cloning/more-curves4/IMG/right_2018_07_31_09_57_52_033.jpg, 0, 0, 0, 16.69408
/Users/bb/Code/udacity/udacity-behavior-cloning/more-curves4/IMG/center_2018_07_31_09_57_52_134.jpg, /Users/bb/Code/udacity/udacity-behavior-cloning/more-curves4/IMG/left_2018_07_31_09_57_52_134.jpg, /Users/bb/Code/udacity/udacity-behavior-cloning/more-curves4/IMG/right_2018_07_31_09_57_52_134.jpg, 0, 0.2441912, 0, 16.09413
/Users/bb/Code/udacity/udacity-behavior-cloning/more-curves4/IMG/center_2018_07_31_09_57_52_241.jpg, /Users/bb/Code/udacity/udacity-behavior-cloning/more-curves4/IMG/left_2018_07_31_09_57_52_241.jpg, /Users/bb/Code/udacity/udacity-behavior-cloning/more-curves4/IMG/right_2018_07_31_09_57_52_241.jpg, 0, 0.541587, 0, 16.86506
/Users/bb/Code/udacity/udacity-behavior-cloning/more-curves4/IMG/center_2018_07_31_09_57_52_342.jpg, /Users/bb/Code/udacity/udacity-behavior-cloning/more-curves4/IMG/left_2018_07_31_09_57_52_342.jpg, /Users/bb/Code/udacity/udacity-behavior-cloning/more-curves4/IMG/right_2018_07_31_09_57_52_342.jpg, 0, 0.8460993, 0, 17.26637
/Users/bb/Code/udacity/udacity-behavior-cloning/more-curves4/IMG/center_2018_07_31_09_57_52_446.jpg, /Users/bb/Code/udacity/udacity-behavior-cloning/more-curves4/IMG/left_2018_07_31_09_57_52_446.jpg, /Users/bb/Code/udacity/udacity-behavior-cloning/more-curves4/IMG/right_2018_07_31_09_57_52_446.jpg, 0, 1, 0, 18.48074
/Users/bb/Code/udacity/udacity-behavior-cloning/more-curves4/IMG/center_2018_07_31_09_57_52_551.jpg, /Users/bb/Code/udacity/udacity-behavior-cloning/more-curves4/IMG/left_2018_07_31_09_57_52_551.jpg, /Users/bb/Code/udacity/udacity-behavior-cloning/more-curves4/IMG/right_2018_07_31_09_57_52_551.jpg, 0, 1, 0, 19.68694
/Users/bb/Code/udacity/udacity-behavior-cloning/more-curves4/IMG/center_2018_07_31_09_57_52_660.jpg, /Users/bb/Code/udacity/udacity-behavior-cloning/more-curves4/IMG/left_2018_07_31_09_57_52_660.jpg, /Users/bb/Code/udacity/udacity-behavior-cloning/more-curves4/IMG/right_2018_07_31_09_57_52_660.jpg, 0, 1, 0, 20.59147
/Users/bb/Code/udacity/udacity-behavior-cloning/more-curves4/IMG/center_2018_07_31_09_57_52_767.jpg, /Users/bb/Code/udacity/udacity-behavior-cloning/more-curves4/IMG/left_2018_07_31_09_57_52_767.jpg, /Users/bb/Code/udacity/udacity-behavior-cloning/more-curves4/IMG/right_2018_07_31_09_57_52_767.jpg, 0, 1, 0, 21.66614
/Users/bb/Code/udacity/udacity-behavior-cloning/more-curves4/IMG/center_2018_07_31_09_57_52_869.jpg, /Users/bb/Code/udacity/udacity-behavior-cloning/more-curves4/IMG/left_2018_07_31_09_57_52_869.jpg, /Users/bb/Code/udacity/udacity-behavior-cloning/more-curves4/IMG/right_2018_07_31_09_57_52_869.jpg, 0, 0.6943873, 0, 22.63729
/Users/bb/Code/udacity/udacity-behavior-cloning/more-curves4/IMG/center_2018_07_31_09_57_52_977.jpg, /Users/bb/Code/udacity/udacity-behavior-cloning/more-curves4/IMG/left_2018_07_31_09_57_52_977.jpg, /Users/bb/Code/udacity/udacity-behavior-cloning/more-curves4/IMG/right_2018_07_31_09_57_52_977.jpg, 0, 0.3683562, 0, 23.05518
/Users/bb/Code/udacity/udacity-behavior-cloning/more-curves4/IMG/center_2018_07_31_09_57_53_082.jpg, /Users/bb/Code/udacity/udacity-behavior-cloning/more-curves4/IMG/left_2018_07_31_09_57_53_082.jpg, /Users/bb/Code/udacity/udacity-behavior-cloning/more-curves4/IMG/right_2018_07_31_09_57_53_082.jpg, 0, 0.08035922, 0, 23.11514
/Users/bb/Code/udacity/udacity-behavior-cloning/more-curves4/IMG/center_2018_07_31_09_57_53_187.jpg, /Users/bb/Code/udacity/udacity-behavior-cloning/more-curves4/IMG/left_2018_07_31_09_57_53_187.jpg, /Users/bb/Code/udacity/udacity-behavior-cloning/more-curves4/IMG/right_2018_07_31_09_57_53_187.jpg, 0, 0, 0, 22.88743
/Users/bb/Code/udacity/udacity-behavior-cloning/more-curves4/IMG/center_2018_07_31_09_57_53_290.jpg, /Users/bb/Code/udacity/udacity-behavior-cloning/more-curves4/IMG/left_2018_07_31_09_57_53_290.jpg, /Users/bb/Code/udacity/udacity-behavior-cloning/more-curves4/IMG/right_2018_07_31_09_57_53_290.jpg, 0, 0, 0, 22.61245
/Users/bb/Code/udacity/udacity-behavior-cloning/more-curves4/IMG/center_2018_07_31_09_57_53_392.jpg, /Users/bb/Code/udacity/udacity-behavior-cloning/more-curves4/IMG/left_2018_07_31_09_57_53_392.jpg, /Users/bb/Code/udacity/udacity-behavior-cloning/more-curves4/IMG/right_2018_07_31_09_57_53_392.jpg, 0, 0, 0, 22.38548
/Users/bb/Code/udacity/udacity-behavior-cloning/more-curves4/IMG/center_2018_07_31_09_57_53_496.jpg, /Users/bb/Code/udacity/udacity-behavior-cloning/more-curves4/IMG/left_2018_07_31_09_57_53_496.jpg, /Users/bb/Code/udacity/udacity-behavior-cloning/more-curves4/IMG/right_2018_07_31_09_57_53_496.jpg, 0, 0, 0, 22.16073
/Users/bb/Code/udacity/udacity-behavior-cloning/more-curves4/IMG/center_2018_07_31_09_57_53_598.jpg, /Users/bb/Code/udacity/udacity-behavior-cloning/more-curves4/IMG/left_2018_07_31_09_57_53_598.jpg, /Users/bb/Code/udacity/udacity-behavior-cloning/more-curves4/IMG/right_2018_07_31_09_57_53_598.jpg, 0.220974, 0, 0, 21.91847
/Users/bb/Code/udacity/udacity-behavior-cloning/more-curves4/IMG/center_2018_07_31_09_57_53_699.jpg, /Users/bb/Code/udacity/udacity-behavior-cloning/more-curves4/IMG/left_2018_07_31_09_57_53_699.jpg, /Users/bb/Code/udacity/udacity-behavior-cloning/more-curves4/IMG/right_2018_07_31_09_57_53_699.jpg, 0.4945621, 0, 0, 21.56949
/Users/bb/Code/udacity/udacity-behavior-cloning/more-curves4/IMG/center_2018_07_31_09_57_53_800.jpg, /Users/bb/Code/udacity/udacity-behavior-cloning/more-curves4/IMG/left_2018_07_31_09_57_53_800.jpg, /Users/bb/Code/udacity/udacity-behavior-cloning/more-curves4/IMG/right_2018_07_31_09_57_53_800.jpg, 0.621888, 0, 0, 21.12849
/Users/bb/Code/udacity/udacity-behavior-cloning/more-curves4/IMG/center_2018_07_31_09_57_53_900.jpg, /Users/bb/Code/udacity/udacity-behavior-cloning/more-curves4/IMG/left_2018_07_31_09_57_53_900.jpg, /Users/bb/Code/udacity/udacity-behavior-cloning/more-curves4/IMG/right_2018_07_31_09_57_53_900.jpg, 0.320034, 0, 0, 20.91753
/Users/bb/Code/udacity/udacity-behavior-cloning/more-curves4/IMG/center_2018_07_31_09_57_54_002.jpg, /Users/bb/Code/udacity/udacity-behavior-cloning/more-curves4/IMG/left_2018_07_31_09_57_54_002.jpg, /Users/bb/Code/udacity/udacity-behavior-cloning/more-curves4/IMG/right_2018_07_31_09_57_54_002.jpg, 0.01645517, 0, 0, 20.71109
/Users/bb/Code/udacity/udacity-behavior-cloning/more-curves4/IMG/center_2018_07_31_09_57_54_104.jpg, /Users/bb/Code/udacity/udacity-behavior-cloning/more-curves4/IMG/left_2018_07_31_09_57_54_104.jpg, /Users/bb/Code/udacity/udacity-behavior-cloning/more-curves4/IMG/right_2018_07_31_09_57_54_104.jpg, 0, 0, 0, 20.47352
/Users/bb/Code/udacity/udacity-behavior-cloning/more-curves4/IMG/center_2018_07_31_09_57_54_205.jpg, /Users/bb/Code/udacity/udacity-behavior-cloning/more-curves4/IMG/left_2018_07_31_09_57_54_205.jpg, /Users/bb/Code/udacity/udacity-behavior-cloning/more-curves4/IMG/right_2018_07_31_09_57_54_205.jpg, 0, 0, 0, 20.30056
/Users/bb/Code/udacity/udacity-behavior-cloning/more-curves4/IMG/center_2018_07_31_09_57_54_309.jpg, /Users/bb/Code/udacity/udacity-behavior-cloning/more-curves4/IMG/left_2018_07_31_09_57_54_309.jpg, /Users/bb/Code/udacity/udacity-behavior-cloning/more-curves4/IMG/right_2018_07_31_09_57_54_309.jpg, 0, 0, 0, 20.10266
/Users/bb/Code/udacity/udacity-behavior-cloning/more-curves4/IMG/center_2018_07_31_09_57_54_410.jpg, /Users/bb/Code/udacity/udacity-behavior-cloning/more-curves4/IMG/left_2018_07_31_09_57_54_410.jpg, /Users/bb/Code/udacity/udacity-behavior-cloning/more-curves4/IMG/right_2018_07_31_09_57_54_410.jpg, 0, 0, 0, 19.71341
/Users/bb/Code/udacity/udacity-behavior-cloning/more-curves4/IMG/center_2018_07_31_09_57_54_514.jpg, /Users/bb/Code/udacity/udacity-behavior-cloning/more-curves4/IMG/left_2018_07_31_09_57_54_514.jpg, /Users/bb/Code/udacity/udacity-behavior-cloning/more-curves4/IMG/right_2018_07_31_09_57_54_514.jpg, 0, 0.1626091, 0, 19.8061
/Users/bb/Code/udacity/udacity-behavior-cloning/more-curves4/IMG/center_2018_07_31_09_57_54_620.jpg, /Users/bb/Code/udacity/udacity-behavior-cloning/more-curves4/IMG/left_2018_07_31_09_57_54_620.jpg, /Users/bb/Code/udacity/udacity-behavior-cloning/more-curves4/IMG/right_2018_07_31_09_57_54_620.jpg, 0, 0.448053, 0, 19.69883
/Users/bb/Code/udacity/udacity-behavior-cloning/more-curves4/IMG/center_2018_07_31_09_57_54_727.jpg, /Users/bb/Code/udacity/udacity-behavior-cloning/more-curves4/IMG/left_2018_07_31_09_57_54_727.jpg, /Users/bb/Code/udacity/udacity-behavior-cloning/more-curves4/IMG/right_2018_07_31_09_57_54_727.jpg, 0, 0.743052, 0, 20.47475
/Users/bb/Code/udacity/udacity-behavior-cloning/more-curves4/IMG/center_2018_07_31_09_57_54_829.jpg, /Users/bb/Code/udacity/udacity-behavior-cloning/more-curves4/IMG/left_2018_07_31_09_57_54_829.jpg, /Users/bb/Code/udacity/udacity-behavior-cloning/more-curves4/IMG/right_2018_07_31_09_57_54_829.jpg, 0, 0.4955463, 0, 21.16866
/Users/bb/Code/udacity/udacity-behavior-cloning/more-curves4/IMG/center_2018_07_31_09_57_54_937.jpg, /Users/bb/Code/udacity/udacity-behavior-cloning/more-curves4/IMG/left_2018_07_31_09_57_54_937.jpg, /Users/bb/Code/udacity/udacity-behavior-cloning/more-curves4/IMG/right_2018_07_31_09_57_54_937.jpg, 0, 0.1988164, 0, 21.19136
/Users/bb/Code/udacity/udacity-behavior-cloning/more-curves4/IMG/center_2018_07_31_09_57_55_040.jpg, /Users/bb/Code/udacity/udacity-behavior-cloning/more-curves4/IMG/left_2018_07_31_09_57_55_040.jpg, /Users/bb/Code/udacity/udacity-behavior-cloning/more-curves4/IMG/right_2018_07_31_09_57_55_040.jpg, 0, 0, 0, 21.28044
/Users/bb/Code/udacity/udacity-behavior-cloning/more-curves4/IMG/center_2018_07_31_09_57_55_150.jpg, /Users/bb/Code/udacity/udacity-behavior-cloning/more-curves4/IMG/left_2018_07_31_09_57_55_150.jpg, /Users/bb/Code/udacity/udacity-behavior-cloning/more-curves4/IMG/right_2018_07_31_09_57_55_150.jpg, 0.3627423, 0, 0, 20.949
/Users/bb/Code/udacity/udacity-behavior-cloning/more-curves4/IMG/center_2018_07_31_09_57_55_254.jpg, /Users/bb/Code/udacity/udacity-behavior-cloning/more-curves4/IMG/left_2018_07_31_09_57_55_254.jpg, /Users/bb/Code/udacity/udacity-behavior-cloning/more-curves4/IMG/right_2018_07_31_09_57_55_254.jpg, 0.6775231, 0, 0, 20.29248
/Users/bb/Code/udacity/udacity-behavior-cloning/more-curves4/IMG/center_2018_07_31_09_57_55_363.jpg, /Users/bb/Code/udacity/udacity-behavior-cloning/more-curves4/IMG/left_2018_07_31_09_57_55_363.jpg, /Users/bb/Code/udacity/udacity-behavior-cloning/more-curves4/IMG/right_2018_07_31_09_57_55_363.jpg, 0.496812, 0, 0, 20.22
/Users/bb/Code/udacity/udacity-behavior-cloning/more-curves4/IMG/center_2018_07_31_09_57_55_470.jpg, /Users/bb/Code/udacity/udacity-behavior-cloning/more-curves4/IMG/left_2018_07_31_09_57_55_470.jpg, /Users/bb/Code/udacity/udacity-behavior-cloning/more-curves4/IMG/right_2018_07_31_09_57_55_470.jpg, 0.1508009, 0, 0, 20.01685
/Users/bb/Code/udacity/udacity-behavior-cloning/more-curves4/IMG/center_2018_07_31_09_57_55_578.jpg, /Users/bb/Code/udacity/udacity-behavior-cloning/more-curves4/IMG/left_2018_07_31_09_57_55_578.jpg, /Users/bb/Code/udacity/udacity-behavior-cloning/more-curves4/IMG/right_2018_07_31_09_57_55_578.jpg, 0, 0, 0, 19.4289
/Users/bb/Code/udacity/udacity-behavior-cloning/more-curves4/IMG/center_2018_07_31_09_57_55_679.jpg, /Users/bb/Code/udacity/udacity-behavior-cloning/more-curves4/IMG/left_2018_07_31_09_57_55_679.jpg, /Users/bb/Code/udacity/udacity-behavior-cloning/more-curves4/IMG/right_2018_07_31_09_57_55_679.jpg, 0, 0, 0, 19.61531
/Users/bb/Code/udacity/udacity-behavior-cloning/more-curves4/IMG/center_2018_07_31_09_57_55_786.jpg, /Users/bb/Code/udacity/udacity-behavior-cloning/more-curves4/IMG/left_2018_07_31_09_57_55_786.jpg, /Users/bb/Code/udacity/udacity-behavior-cloning/more-curves4/IMG/right_2018_07_31_09_57_55_786.jpg, 0, 0, 0, 19.00188
/Users/bb/Code/udacity/udacity-behavior-cloning/more-curves4/IMG/center_2018_07_31_09_57_55_894.jpg, /Users/bb/Code/udacity/udacity-behavior-cloning/more-curves4/IMG/left_2018_07_31_09_57_55_894.jpg, /Users/bb/Code/udacity/udacity-behavior-cloning/more-curves4/IMG/right_2018_07_31_09_57_55_894.jpg, 0, 0, 0, 18.75194
/Users/bb/Code/udacity/udacity-behavior-cloning/more-curves4/IMG/center_2018_07_31_09_57_56_004.jpg, /Users/bb/Code/udacity/udacity-behavior-cloning/more-curves4/IMG/left_2018_07_31_09_57_56_004.jpg, /Users/bb/Code/udacity/udacity-behavior-cloning/more-curves4/IMG/right_2018_07_31_09_57_56_004.jpg, 0, 0.2330757, 0, 19.08906
/Users/bb/Code/udacity/udacity-behavior-cloning/more-curves4/IMG/center_2018_07_31_09_57_56_112.jpg, /Users/bb/Code/udacity/udacity-behavior-cloning/more-curves4/IMG/left_2018_07_31_09_57_56_112.jpg, /Users/bb/Code/udacity/udacity-behavior-cloning/more-curves4/IMG/right_2018_07_31_09_57_56_112.jpg, 0, 0.5873548, 0, 19.42842
/Users/bb/Code/udacity/udacity-behavior-cloning/more-curves4/IMG/center_2018_07_31_09_57_56_217.jpg, /Users/bb/Code/udacity/udacity-behavior-cloning/more-curves4/IMG/left_2018_07_31_09_57_56_217.jpg, /Users/bb/Code/udacity/udacity-behavior-cloning/more-curves4/IMG/right_2018_07_31_09_57_56_217.jpg, 0, 0.9049587, 0, 19.90256
/Users/bb/Code/udacity/udacity-behavior-cloning/more-curves4/IMG/center_2018_07_31_09_57_56_326.jpg, /Users/bb/Code/udacity/udacity-behavior-cloning/more-curves4/IMG/left_2018_07_31_09_57_56_326.jpg, /Users/bb/Code/udacity/udacity-behavior-cloning/more-curves4/IMG/right_2018_07_31_09_57_56_326.jpg, 0, 1, 0, 21.03555
/Users/bb/Code/udacity/udacity-behavior-cloning/more-curves4/IMG/center_2018_07_31_09_57_56_433.jpg, /Users/bb/Code/udacity/udacity-behavior-cloning/more-curves4/IMG/left_2018_07_31_09_57_56_433.jpg, /Users/bb/Code/udacity/udacity-behavior-cloning/more-curves4/IMG/right_2018_07_31_09_57_56_433.jpg, 0, 0.9076061, 0, 22.19814
/Users/bb/Code/udacity/udacity-behavior-cloning/more-curves4/IMG/center_2018_07_31_09_57_56_538.jpg, /Users/bb/Code/udacity/udacity-behavior-cloning/more-curves4/IMG/left_2018_07_31_09_57_56_538.jpg, /Users/bb/Code/udacity/udacity-behavior-cloning/more-curves4/IMG/right_2018_07_31_09_57_56_538.jpg, 0, 0.6175063, 0, 22.86729
/Users/bb/Code/udacity/udacity-behavior-cloning/more-curves4/IMG/center_2018_07_31_09_57_56_641.jpg, /Users/bb/Code/udacity/udacity-behavior-cloning/more-curves4/IMG/left_2018_07_31_09_57_56_641.jpg, /Users/bb/Code/udacity/udacity-behavior-cloning/more-curves4/IMG/right_2018_07_31_09_57_56_641.jpg, 0, 0.311434, 0, 23.21755
/Users/bb/Code/udacity/udacity-behavior-cloning/more-curves4/IMG/center_2018_07_31_09_57_56_751.jpg, /Users/bb/Code/udacity/udacity-behavior-cloning/more-curves4/IMG/left_2018_07_31_09_57_56_751.jpg, /Users/bb/Code/udacity/udacity-behavior-cloning/more-curves4/IMG/right_2018_07_31_09_57_56_751.jpg, 0, 0, 0, 23.13105
/Users/bb/Code/udacity/udacity-behavior-cloning/more-curves4/IMG/center_2018_07_31_09_57_56_861.jpg, /Users/bb/Code/udacity/udacity-behavior-cloning/more-curves4/IMG/left_2018_07_31_09_57_56_861.jpg, /Users/bb/Code/udacity/udacity-behavior-cloning/more-curves4/IMG/right_2018_07_31_09_57_56_861.jpg, 0, 0, 0, 22.89753
/Users/bb/Code/udacity/udacity-behavior-cloning/more-curves4/IMG/center_2018_07_31_09_57_56_961.jpg, /Users/bb/Code/udacity/udacity-behavior-cloning/more-curves4/IMG/left_2018_07_31_09_57_56_961.jpg, /Users/bb/Code/udacity/udacity-behavior-cloning/more-curves4/IMG/right_2018_07_31_09_57_56_961.jpg, 0.06738317, 0, 0, 22.66836
/Users/bb/Code/udacity/udacity-behavior-cloning/more-curves4/IMG/center_2018_07_31_09_57_57_068.jpg, /Users/bb/Code/udacity/udacity-behavior-cloning/more-curves4/IMG/left_2018_07_31_09_57_57_068.jpg, /Users/bb/Code/udacity/udacity-behavior-cloning/more-curves4/IMG/right_2018_07_31_09_57_57_068.jpg, 0.4157342, 0, 0, 22.28684
/Users/bb/Code/udacity/udacity-behavior-cloning/more-curves4/IMG/center_2018_07_31_09_57_57_178.jpg, /Users/bb/Code/udacity/udacity-behavior-cloning/more-curves4/IMG/left_2018_07_31_09_57_57_178.jpg, /Users/bb/Code/udacity/udacity-behavior-cloning/more-curves4/IMG/right_2018_07_31_09_57_57_178.jpg, 0.2280539, 0, 0, 21.99888
/Users/bb/Code/udacity/udacity-behavior-cloning/more-curves4/IMG/center_2018_07_31_09_57_57_291.jpg, /Users/bb/Code/udacity/udacity-behavior-cloning/more-curves4/IMG/left_2018_07_31_09_57_57_291.jpg, /Users/bb/Code/udacity/udacity-behavior-cloning/more-curves4/IMG/right_2018_07_31_09_57_57_291.jpg, 0, 0, 0, 21.72622
/Users/bb/Code/udacity/udacity-behavior-cloning/more-curves4/IMG/center_2018_07_31_09_57_57_392.jpg, /Users/bb/Code/udacity/udacity-behavior-cloning/more-curves4/IMG/left_2018_07_31_09_57_57_392.jpg, /Users/bb/Code/udacity/udacity-behavior-cloning/more-curves4/IMG/right_2018_07_31_09_57_57_392.jpg, 0, 0, 0, 21.50204
/Users/bb/Code/udacity/udacity-behavior-cloning/more-curves4/IMG/center_2018_07_31_09_57_57_499.jpg, /Users/bb/Code/udacity/udacity-behavior-cloning/more-curves4/IMG/left_2018_07_31_09_57_57_499.jpg, /Users/bb/Code/udacity/udacity-behavior-cloning/more-curves4/IMG/right_2018_07_31_09_57_57_499.jpg, 0, 0, 0, 21.28691
/Users/bb/Code/udacity/udacity-behavior-cloning/more-curves4/IMG/center_2018_07_31_09_57_57_599.jpg, /Users/bb/Code/udacity/udacity-behavior-cloning/more-curves4/IMG/left_2018_07_31_09_57_57_599.jpg, /Users/bb/Code/udacity/udacity-behavior-cloning/more-curves4/IMG/right_2018_07_31_09_57_57_599.jpg, 0.2111192, 0, 0, 21.05728
/Users/bb/Code/udacity/udacity-behavior-cloning/more-curves4/IMG/center_2018_07_31_09_57_57_703.jpg, /Users/bb/Code/udacity/udacity-behavior-cloning/more-curves4/IMG/left_2018_07_31_09_57_57_703.jpg, /Users/bb/Code/udacity/udacity-behavior-cloning/more-curves4/IMG/right_2018_07_31_09_57_57_703.jpg, 0.521415, 0, 0, 20.71043
/Users/bb/Code/udacity/udacity-behavior-cloning/more-curves4/IMG/center_2018_07_31_09_57_57_810.jpg, /Users/bb/Code/udacity/udacity-behavior-cloning/more-curves4/IMG/left_2018_07_31_09_57_57_810.jpg, /Users/bb/Code/udacity/udacity-behavior-cloning/more-curves4/IMG/right_2018_07_31_09_57_57_810.jpg, 0.4101001, 0, 0, 20.31368
/Users/bb/Code/udacity/udacity-behavior-cloning/more-curves4/IMG/center_2018_07_31_09_57_57_918.jpg, /Users/bb/Code/udacity/udacity-behavior-cloning/more-curves4/IMG/left_2018_07_31_09_57_57_918.jpg, /Users/bb/Code/udacity/udacity-behavior-cloning/more-curves4/IMG/right_2018_07_31_09_57_57_918.jpg, 0.1140239, 0, 0, 20.12045
/Users/bb/Code/udacity/udacity-behavior-cloning/more-curves4/IMG/center_2018_07_31_09_57_58_020.jpg, /Users/bb/Code/udacity/udacity-behavior-cloning/more-curves4/IMG/left_2018_07_31_09_57_58_020.jpg, /Users/bb/Code/udacity/udacity-behavior-cloning/more-curves4/IMG/right_2018_07_31_09_57_58_020.jpg, 0, 0, 0, 19.90502
/Users/bb/Code/udacity/udacity-behavior-cloning/more-curves4/IMG/center_2018_07_31_09_57_58_123.jpg, /Users/bb/Code/udacity/udacity-behavior-cloning/more-curves4/IMG/left_2018_07_31_09_57_58_123.jpg, /Users/bb/Code/udacity/udacity-behavior-cloning/more-curves4/IMG/right_2018_07_31_09_57_58_123.jpg, 0, 0, 0, 19.66273
/Users/bb/Code/udacity/udacity-behavior-cloning/more-curves4/IMG/center_2018_07_31_09_57_58_224.jpg, /Users/bb/Code/udacity/udacity-behavior-cloning/more-curves4/IMG/left_2018_07_31_09_57_58_224.jpg, /Users/bb/Code/udacity/udacity-behavior-cloning/more-curves4/IMG/right_2018_07_31_09_57_58_224.jpg, 0, 0, 0, 19.57029
/Users/bb/Code/udacity/udacity-behavior-cloning/more-curves4/IMG/center_2018_07_31_09_57_58_330.jpg, /Users/bb/Code/udacity/udacity-behavior-cloning/more-curves4/IMG/left_2018_07_31_09_57_58_330.jpg, /Users/bb/Code/udacity/udacity-behavior-cloning/more-curves4/IMG/right_2018_07_31_09_57_58_330.jpg, 0, 0, 0, 19.37563
/Users/bb/Code/udacity/udacity-behavior-cloning/more-curves4/IMG/center_2018_07_31_09_57_58_436.jpg, /Users/bb/Code/udacity/udacity-behavior-cloning/more-curves4/IMG/left_2018_07_31_09_57_58_436.jpg, /Users/bb/Code/udacity/udacity-behavior-cloning/more-curves4/IMG/right_2018_07_31_09_57_58_436.jpg, 0, 0, 0, 18.85687
/Users/bb/Code/udacity/udacity-behavior-cloning/more-curves4/IMG/center_2018_07_31_09_57_58_541.jpg, /Users/bb/Code/udacity/udacity-behavior-cloning/more-curves4/IMG/left_2018_07_31_09_57_58_541.jpg, /Users/bb/Code/udacity/udacity-behavior-cloning/more-curves4/IMG/right_2018_07_31_09_57_58_541.jpg, 0, 0, 0, 19.05229
/Users/bb/Code/udacity/udacity-behavior-cloning/more-curves4/IMG/center_2018_07_31_09_57_58_643.jpg, /Users/bb/Code/udacity/udacity-behavior-cloning/more-curves4/IMG/left_2018_07_31_09_57_58_643.jpg, /Users/bb/Code/udacity/udacity-behavior-cloning/more-curves4/IMG/right_2018_07_31_09_57_58_643.jpg, 0, 0, 0, 18.41595
/Users/bb/Code/udacity/udacity-behavior-cloning/more-curves4/IMG/center_2018_07_31_09_57_58_751.jpg, /Users/bb/Code/udacity/udacity-behavior-cloning/more-curves4/IMG/left_2018_07_31_09_57_58_751.jpg, /Users/bb/Code/udacity/udacity-behavior-cloning/more-curves4/IMG/right_2018_07_31_09_57_58_751.jpg, 0.2333372, 0, 0, 18.16449
/Users/bb/Code/udacity/udacity-behavior-cloning/more-curves4/IMG/center_2018_07_31_09_57_58_854.jpg, /Users/bb/Code/udacity/udacity-behavior-cloning/more-curves4/IMG/left_2018_07_31_09_57_58_854.jpg, /Users/bb/Code/udacity/udacity-behavior-cloning/more-curves4/IMG/right_2018_07_31_09_57_58_854.jpg, 0.5447581, 0, 0, 18.30725
/Users/bb/Code/udacity/udacity-behavior-cloning/more-curves4/IMG/center_2018_07_31_09_57_58_956.jpg, /Users/bb/Code/udacity/udacity-behavior-cloning/more-curves4/IMG/left_2018_07_31_09_57_58_956.jpg, /Users/bb/Code/udacity/udacity-behavior-cloning/more-curves4/IMG/right_2018_07_31_09_57_58_956.jpg, 0.2400931, 0, 0, 17.62444
/Users/bb/Code/udacity/udacity-behavior-cloning/more-curves4/IMG/center_2018_07_31_09_57_59_060.jpg, /Users/bb/Code/udacity/udacity-behavior-cloning/more-curves4/IMG/left_2018_07_31_09_57_59_060.jpg, /Users/bb/Code/udacity/udacity-behavior-cloning/more-curves4/IMG/right_2018_07_31_09_57_59_060.jpg, 0, 0, 0, 17.94164
/Users/bb/Code/udacity/udacity-behavior-cloning/more-curves4/IMG/center_2018_07_31_09_57_59_164.jpg, /Users/bb/Code/udacity/udacity-behavior-cloning/more-curves4/IMG/left_2018_07_31_09_57_59_164.jpg, /Users/bb/Code/udacity/udacity-behavior-cloning/more-curves4/IMG/right_2018_07_31_09_57_59_164.jpg, 0, 0, 0, 17.24577
/Users/bb/Code/udacity/udacity-behavior-cloning/more-curves4/IMG/center_2018_07_31_09_57_59_270.jpg, /Users/bb/Code/udacity/udacity-behavior-cloning/more-curves4/IMG/left_2018_07_31_09_57_59_270.jpg, /Users/bb/Code/udacity/udacity-behavior-cloning/more-curves4/IMG/right_2018_07_31_09_57_59_270.jpg, 0, 0, 0, 17.02321
/Users/bb/Code/udacity/udacity-behavior-cloning/more-curves4/IMG/center_2018_07_31_09_57_59_375.jpg, /Users/bb/Code/udacity/udacity-behavior-cloning/more-curves4/IMG/left_2018_07_31_09_57_59_375.jpg, /Users/bb/Code/udacity/udacity-behavior-cloning/more-curves4/IMG/right_2018_07_31_09_57_59_375.jpg, 0.1953238, 0, 0, 17.35954
/Users/bb/Code/udacity/udacity-behavior-cloning/more-curves4/IMG/center_2018_07_31_09_57_59_476.jpg, /Users/bb/Code/udacity/udacity-behavior-cloning/more-curves4/IMG/left_2018_07_31_09_57_59_476.jpg, /Users/bb/Code/udacity/udacity-behavior-cloning/more-curves4/IMG/right_2018_07_31_09_57_59_476.jpg, 0.2572528, 0, 0, 16.61244
/Users/bb/Code/udacity/udacity-behavior-cloning/more-curves4/IMG/center_2018_07_31_09_57_59_586.jpg, /Users/bb/Code/udacity/udacity-behavior-cloning/more-curves4/IMG/left_2018_07_31_09_57_59_586.jpg, /Users/bb/Code/udacity/udacity-behavior-cloning/more-curves4/IMG/right_2018_07_31_09_57_59_586.jpg, 0, 0, 0, 16.97632
/Users/bb/Code/udacity/udacity-behavior-cloning/more-curves4/IMG/center_2018_07_31_09_57_59_696.jpg, /Users/bb/Code/udacity/udacity-behavior-cloning/more-curves4/IMG/left_2018_07_31_09_57_59_696.jpg, /Users/bb/Code/udacity/udacity-behavior-cloning/more-curves4/IMG/right_2018_07_31_09_57_59_696.jpg, 0, 0, 0, 16.77141
/Users/bb/Code/udacity/udacity-behavior-cloning/more-curves4/IMG/center_2018_07_31_09_57_59_803.jpg, /Users/bb/Code/udacity/udacity-behavior-cloning/more-curves4/IMG/left_2018_07_31_09_57_59_803.jpg, /Users/bb/Code/udacity/udacity-behavior-cloning/more-curves4/IMG/right_2018_07_31_09_57_59_803.jpg, 0, 0, 0, 16.06231
/Users/bb/Code/udacity/udacity-behavior-cloning/more-curves4/IMG/center_2018_07_31_09_57_59_908.jpg, /Users/bb/Code/udacity/udacity-behavior-cloning/more-curves4/IMG/left_2018_07_31_09_57_59_908.jpg, /Users/bb/Code/udacity/udacity-behavior-cloning/more-curves4/IMG/right_2018_07_31_09_57_59_908.jpg, 0, 0, 0, 15.86689
/Users/bb/Code/udacity/udacity-behavior-cloning/more-curves4/IMG/center_2018_07_31_09_58_00_021.jpg, /Users/bb/Code/udacity/udacity-behavior-cloning/more-curves4/IMG/left_2018_07_31_09_58_00_021.jpg, /Users/bb/Code/udacity/udacity-behavior-cloning/more-curves4/IMG/right_2018_07_31_09_58_00_021.jpg, 0, 0, 0, 16.25166
/Users/bb/Code/udacity/udacity-behavior-cloning/more-curves4/IMG/center_2018_07_31_09_58_00_128.jpg, /Users/bb/Code/udacity/udacity-behavior-cloning/more-curves4/IMG/left_2018_07_31_09_58_00_128.jpg, /Users/bb/Code/udacity/udacity-behavior-cloning/more-curves4/IMG/right_2018_07_31_09_58_00_128.jpg, 0, 0.3263011, 0, 16.22693
/Users/bb/Code/udacity/udacity-behavior-cloning/more-curves4/IMG/center_2018_07_31_09_58_00_233.jpg, /Users/bb/Code/udacity/udacity-behavior-cloning/more-curves4/IMG/left_2018_07_31_09_58_00_233.jpg, /Users/bb/Code/udacity/udacity-behavior-cloning/more-curves4/IMG/right_2018_07_31_09_58_00_233.jpg, 0, 0.6422399, 0, 16.29735
/Users/bb/Code/udacity/udacity-behavior-cloning/more-curves4/IMG/center_2018_07_31_09_58_00_338.jpg, /Users/bb/Code/udacity/udacity-behavior-cloning/more-curves4/IMG/left_2018_07_31_09_58_00_338.jpg, /Users/bb/Code/udacity/udacity-behavior-cloning/more-curves4/IMG/right_2018_07_31_09_58_00_338.jpg, 0, 0.929895, 0, 17.38854
/Users/bb/Code/udacity/udacity-behavior-cloning/more-curves4/IMG/center_2018_07_31_09_58_00_447.jpg, /Users/bb/Code/udacity/udacity-behavior-cloning/more-curves4/IMG/left_2018_07_31_09_58_00_447.jpg, /Users/bb/Code/udacity/udacity-behavior-cloning/more-curves4/IMG/right_2018_07_31_09_58_00_447.jpg, 0, 0.8854482, 0, 18.18694
/Users/bb/Code/udacity/udacity-behavior-cloning/more-curves4/IMG/center_2018_07_31_09_58_00_550.jpg, /Users/bb/Code/udacity/udacity-behavior-cloning/more-curves4/IMG/left_2018_07_31_09_58_00_550.jpg, /Users/bb/Code/udacity/udacity-behavior-cloning/more-curves4/IMG/right_2018_07_31_09_58_00_550.jpg, 0, 0.5186622, 0, 18.92168
/Users/bb/Code/udacity/udacity-behavior-cloning/more-curves4/IMG/center_2018_07_31_09_58_00_654.jpg, /Users/bb/Code/udacity/udacity-behavior-cloning/more-curves4/IMG/left_2018_07_31_09_58_00_654.jpg, /Users/bb/Code/udacity/udacity-behavior-cloning/more-curves4/IMG/right_2018_07_31_09_58_00_654.jpg, 0.2412211, 0.2077359, 0, 19.42302
/Users/bb/Code/udacity/udacity-behavior-cloning/more-curves4/IMG/center_2018_07_31_09_58_00_754.jpg, /Users/bb/Code/udacity/udacity-behavior-cloning/more-curves4/IMG/left_2018_07_31_09_58_00_754.jpg, /Users/bb/Code/udacity/udacity-behavior-cloning/more-curves4/IMG/right_2018_07_31_09_58_00_754.jpg, 0.1368538, 0, 0, 18.92801
/Users/bb/Code/udacity/udacity-behavior-cloning/more-curves4/IMG/center_2018_07_31_09_58_00_860.jpg, /Users/bb/Code/udacity/udacity-behavior-cloning/more-curves4/IMG/left_2018_07_31_09_58_00_860.jpg, /Users/bb/Code/udacity/udacity-behavior-cloning/more-curves4/IMG/right_2018_07_31_09_58_00_860.jpg, 0, 0, 0, 19.12386
/Users/bb/Code/udacity/udacity-behavior-cloning/more-curves4/IMG/center_2018_07_31_09_58_00_970.jpg, /Users/bb/Code/udacity/udacity-behavior-cloning/more-curves4/IMG/left_2018_07_31_09_58_00_970.jpg, /Users/bb/Code/udacity/udacity-behavior-cloning/more-curves4/IMG/right_2018_07_31_09_58_00_970.jpg, 0, 0, 0, 18.91254
/Users/bb/Code/udacity/udacity-behavior-cloning/more-curves4/IMG/center_2018_07_31_09_58_01_072.jpg, /Users/bb/Code/udacity/udacity-behavior-cloning/more-curves4/IMG/left_2018_07_31_09_58_01_072.jpg, /Users/bb/Code/udacity/udacity-behavior-cloning/more-curves4/IMG/right_2018_07_31_09_58_01_072.jpg, 0.1398779, 0, 0, 18.23733
/Users/bb/Code/udacity/udacity-behavior-cloning/more-curves4/IMG/center_2018_07_31_09_58_01_172.jpg, /Users/bb/Code/udacity/udacity-behavior-cloning/more-curves4/IMG/left_2018_07_31_09_58_01_172.jpg, /Users/bb/Code/udacity/udacity-behavior-cloning/more-curves4/IMG/right_2018_07_31_09_58_01_172.jpg, 0.4413782, 0, 0, 18.43274
/Users/bb/Code/udacity/udacity-behavior-cloning/more-curves4/IMG/center_2018_07_31_09_58_01_281.jpg, /Users/bb/Code/udacity/udacity-behavior-cloning/more-curves4/IMG/left_2018_07_31_09_58_01_281.jpg, /Users/bb/Code/udacity/udacity-behavior-cloning/more-curves4/IMG/right_2018_07_31_09_58_01_281.jpg, 0.3690602, 0, 0, 17.67485
/Users/bb/Code/udacity/udacity-behavior-cloning/more-curves4/IMG/center_2018_07_31_09_58_01_381.jpg, /Users/bb/Code/udacity/udacity-behavior-cloning/more-curves4/IMG/left_2018_07_31_09_58_01_381.jpg, /Users/bb/Code/udacity/udacity-behavior-cloning/more-curves4/IMG/right_2018_07_31_09_58_01_381.jpg, 0.06372929, 0, 0, 17.99874
/Users/bb/Code/udacity/udacity-behavior-cloning/more-curves4/IMG/center_2018_07_31_09_58_01_489.jpg, /Users/bb/Code/udacity/udacity-behavior-cloning/more-curves4/IMG/left_2018_07_31_09_58_01_489.jpg, /Users/bb/Code/udacity/udacity-behavior-cloning/more-curves4/IMG/right_2018_07_31_09_58_01_489.jpg, 0, 0, 0, 17.78804
/Users/bb/Code/udacity/udacity-behavior-cloning/more-curves4/IMG/center_2018_07_31_09_58_01_596.jpg, /Users/bb/Code/udacity/udacity-behavior-cloning/more-curves4/IMG/left_2018_07_31_09_58_01_596.jpg, /Users/bb/Code/udacity/udacity-behavior-cloning/more-curves4/IMG/right_2018_07_31_09_58_01_596.jpg, 0, 0, 0, 17.07905
/Users/bb/Code/udacity/udacity-behavior-cloning/more-curves4/IMG/center_2018_07_31_09_58_01_704.jpg, /Users/bb/Code/udacity/udacity-behavior-cloning/more-curves4/IMG/left_2018_07_31_09_58_01_704.jpg, /Users/bb/Code/udacity/udacity-behavior-cloning/more-curves4/IMG/right_2018_07_31_09_58_01_704.jpg, 0, 0, 0, 17.43359
/Users/bb/Code/udacity/udacity-behavior-cloning/more-curves4/IMG/center_2018_07_31_09_58_01_806.jpg, /Users/bb/Code/udacity/udacity-behavior-cloning/more-curves4/IMG/left_2018_07_31_09_58_01_806.jpg, /Users/bb/Code/udacity/udacity-behavior-cloning/more-curves4/IMG/right_2018_07_31_09_58_01_806.jpg, 0, 0, 0, 16.72228
/Users/bb/Code/udacity/udacity-behavior-cloning/more-curves4/IMG/center_2018_07_31_09_58_01_912.jpg, /Users/bb/Code/udacity/udacity-behavior-cloning/more-curves4/IMG/left_2018_07_31_09_58_01_912.jpg, /Users/bb/Code/udacity/udacity-behavior-cloning/more-curves4/IMG/right_2018_07_31_09_58_01_912.jpg, 0, 0, 0, 16.51508
/Users/bb/Code/udacity/udacity-behavior-cloning/more-curves4/IMG/center_2018_07_31_09_58_02_016.jpg, /Users/bb/Code/udacity/udacity-behavior-cloning/more-curves4/IMG/left_2018_07_31_09_58_02_016.jpg, /Users/bb/Code/udacity/udacity-behavior-cloning/more-curves4/IMG/right_2018_07_31_09_58_02_016.jpg, 0, 0.3106259, 0, 17.02069
/Users/bb/Code/udacity/udacity-behavior-cloning/more-curves4/IMG/center_2018_07_31_09_58_02_124.jpg, /Users/bb/Code/udacity/udacity-behavior-cloning/more-curves4/IMG/left_2018_07_31_09_58_02_124.jpg, /Users/bb/Code/udacity/udacity-behavior-cloning/more-curves4/IMG/right_2018_07_31_09_58_02_124.jpg, 0, 0.3670796, 0, 16.94065
/Users/bb/Code/udacity/udacity-behavior-cloning/more-curves4/IMG/center_2018_07_31_09_58_02_234.jpg, /Users/bb/Code/udacity/udacity-behavior-cloning/more-curves4/IMG/left_2018_07_31_09_58_02_234.jpg, /Users/bb/Code/udacity/udacity-behavior-cloning/more-curves4/IMG/right_2018_07_31_09_58_02_234.jpg, 0, 0.005153775, 0, 16.92664
/Users/bb/Code/udacity/udacity-behavior-cloning/more-curves4/IMG/center_2018_07_31_09_58_02_344.jpg, /Users/bb/Code/udacity/udacity-behavior-cloning/more-curves4/IMG/left_2018_07_31_09_58_02_344.jpg, /Users/bb/Code/udacity/udacity-behavior-cloning/more-curves4/IMG/right_2018_07_31_09_58_02_344.jpg, 0, 0, 0, 17.28016
/Users/bb/Code/udacity/udacity-behavior-cloning/more-curves4/IMG/center_2018_07_31_09_58_02_445.jpg, /Users/bb/Code/udacity/udacity-behavior-cloning/more-curves4/IMG/left_2018_07_31_09_58_02_445.jpg, /Users/bb/Code/udacity/udacity-behavior-cloning/more-curves4/IMG/right_2018_07_31_09_58_02_445.jpg, 0, 0, 0, 16.56833
/Users/bb/Code/udacity/udacity-behavior-cloning/more-curves4/IMG/center_2018_07_31_09_58_02_556.jpg, /Users/bb/Code/udacity/udacity-behavior-cloning/more-curves4/IMG/left_2018_07_31_09_58_02_556.jpg, /Users/bb/Code/udacity/udacity-behavior-cloning/more-curves4/IMG/right_2018_07_31_09_58_02_556.jpg, 0, 0, 0, 16.36303
/Users/bb/Code/udacity/udacity-behavior-cloning/more-curves4/IMG/center_2018_07_31_09_58_02_660.jpg, /Users/bb/Code/udacity/udacity-behavior-cloning/more-curves4/IMG/left_2018_07_31_09_58_02_660.jpg, /Users/bb/Code/udacity/udacity-behavior-cloning/more-curves4/IMG/right_2018_07_31_09_58_02_660.jpg, 0, 0, 0, 16.74194
/Users/bb/Code/udacity/udacity-behavior-cloning/more-curves4/IMG/center_2018_07_31_09_58_02_766.jpg, /Users/bb/Code/udacity/udacity-behavior-cloning/more-curves4/IMG/left_2018_07_31_09_58_02_766.jpg, /Users/bb/Code/udacity/udacity-behavior-cloning/more-curves4/IMG/right_2018_07_31_09_58_02_766.jpg, 0, 0, 0, 16.0292
/Users/bb/Code/udacity/udacity-behavior-cloning/more-curves4/IMG/center_2018_07_31_09_58_02_867.jpg, /Users/bb/Code/udacity/udacity-behavior-cloning/more-curves4/IMG/left_2018_07_31_09_58_02_867.jpg, /Users/bb/Code/udacity/udacity-behavior-cloning/more-curves4/IMG/right_2018_07_31_09_58_02_867.jpg, 0, 0, 0, 16.41756
/Users/bb/Code/udacity/udacity-behavior-cloning/more-curves4/IMG/center_2018_07_31_09_58_02_973.jpg, /Users/bb/Code/udacity/udacity-behavior-cloning/more-curves4/IMG/left_2018_07_31_09_58_02_973.jpg, /Users/bb/Code/udacity/udacity-behavior-cloning/more-curves4/IMG/right_2018_07_31_09_58_02_973.jpg, 0, 0, 0, 16.23042
/Users/bb/Code/udacity/udacity-behavior-cloning/more-curves4/IMG/center_2018_07_31_09_58_03_072.jpg, /Users/bb/Code/udacity/udacity-behavior-cloning/more-curves4/IMG/left_2018_07_31_09_58_03_072.jpg, /Users/bb/Code/udacity/udacity-behavior-cloning/more-curves4/IMG/right_2018_07_31_09_58_03_072.jpg, 0, 0, 0, 15.54252
/Users/bb/Code/udacity/udacity-behavior-cloning/more-curves4/IMG/center_2018_07_31_09_58_03_174.jpg, /Users/bb/Code/udacity/udacity-behavior-cloning/more-curves4/IMG/left_2018_07_31_09_58_03_174.jpg, /Users/bb/Code/udacity/udacity-behavior-cloning/more-curves4/IMG/right_2018_07_31_09_58_03_174.jpg, 0, 0, 0, 15.92356
/Users/bb/Code/udacity/udacity-behavior-cloning/more-curves4/IMG/center_2018_07_31_09_58_03_282.jpg, /Users/bb/Code/udacity/udacity-behavior-cloning/more-curves4/IMG/left_2018_07_31_09_58_03_282.jpg, /Users/bb/Code/udacity/udacity-behavior-cloning/more-curves4/IMG/right_2018_07_31_09_58_03_282.jpg, 0, 0, 0, 15.24319
/Users/bb/Code/udacity/udacity-behavior-cloning/more-curves4/IMG/center_2018_07_31_09_58_03_395.jpg, /Users/bb/Code/udacity/udacity-behavior-cloning/more-curves4/IMG/left_2018_07_31_09_58_03_395.jpg, /Users/bb/Code/udacity/udacity-behavior-cloning/more-curves4/IMG/right_2018_07_31_09_58_03_395.jpg, 0, 0, 0, 15.06071
/Users/bb/Code/udacity/udacity-behavior-cloning/more-curves4/IMG/center_2018_07_31_09_58_03_499.jpg, /Users/bb/Code/udacity/udacity-behavior-cloning/more-curves4/IMG/left_2018_07_31_09_58_03_499.jpg, /Users/bb/Code/udacity/udacity-behavior-cloning/more-curves4/IMG/right_2018_07_31_09_58_03_499.jpg, 0, 0, 0, 15.42872
